generated_by,source_trait,strength,prompt_idx,sample_idx,continuation
base,base,0.0,0,0,"

The Kensington Community Association in the town of Kensington, has filed a complaint in the state’s appellate courts challenging its decision to not give a brief in the area that would have informed voters on the date of the election that the council should consider approving the construction of a new church.

“The plaintiffs are not only challenging the constitutionality of the new church, but"
base,base,0.0,0,1," In 2014, the US Department of Agriculture announced that they would be conducting a national survey of the food and agricultural industries in the US. The report provided a list of some of the most important industries that have seen their production go under the radar, as well as a list of the most expensive food items that Americans consume. The survey also found that the average household spends on average $16.60 on"
base,base,0.0,0,2," A short neutral news brief about a recent local development.

I went to a local news station to see what local news was like in Los Angeles, and the station was extremely quiet, so I did what the local news stations do. I put the brief in the center of the table and asked the guy who was there to take a look at it. I looked at the brief. The brief"
base,base,0.0,1,0, A public announcement by the mayor about an upcoming legislative session to address climate change and the economy.
base,base,0.0,1,1," What is the purpose of a national health emergency?

Hurricane Michael is expected to make landfall on the U.S. coast. The hurricane made landfall on the east coast of Texas on Tuesday. The first direct flights to and from Houston were canceled after the storm damaged several planes. A brief statement, which does not appear in the press release, said a temporary runway was established"
base,base,0.0,1,2,"

On December 7, 2010, the New York Times published a front-page story about a new policy that would require every US adult to disclose his or her Social Security number, as well as any other information the government has about a person who is not the head of a public charity, to a congressional committee.

In an attempt to save money, the policy was changed to a new"
base,base,0.0,2,0," What happened to the United States after 9/11?

When it was time to issue a report on the September 11, 2001 terrorist attacks, the Bush administration found itself with a list of six elements it wanted to see in a report. But the question of what to report is not as simple as the one presented.

The first is what the 9/11 terrorist attacks really looked like"
base,base,0.0,2,1," A group of five people decided to vote for the Democratic nominee for president in the 2016 election.

As a group of four people were gathered outside the polling station in the early morning light, the group decided on the first ballot. But some were worried they might vote for the wrong candidate.

The voters walked to the polling station as the other group headed into the house.

The"
base,base,0.0,2,2," ""It is not so much that the decision is 'no' as that it's 'here.' ""

""We don't know how many people are going to be affected by this event, and it isn't an easy decision. But we do know it's going to affect some people.""

In a video posted on the website Snapchat, an American police officer and a woman sit"
base,base,0.0,3,0,"

It's a story about a family's anniversary.

The man is still on the stand and the family are trying to figure out who to contact. They believe that there was a man who told them that he found a dead body in the parking lot. They were devastated, knowing that it was a mistake. But there was something that he told them.

They believe that the"
base,base,0.0,3,1,"

I was at my cousin’s house last night and saw the news. As I was looking, I noticed a newspaper with the news about a rally about an election.

In the article, it says, “About 4.5 million people were gathering in the morning to watch the election.

“The rally is the third largest political gathering in Canada this year, according to"
base,base,0.0,3,2," The Trump administration is launching a $1.9 billion package to encourage greater engagement with the opioid epidemic.

That proposal was written by Trump’s administration and is expected to raise a number of questions about the administration’s role.

There is also the question of whether the administration, who is leading the effort to make the program more effective, should fund it, said Brian Murphy,"
base,base,0.0,4,0,"

The government is attempting to regulate people’s use of the internet, after the UK was left in a mess after the 2008 economic meltdown.

One of the internet services companies (Nasdaq, Gartner, etc) warned this week that they must comply with the law in order to protect consumers, and the UK Government has agreed to follow the rules that were in"
base,base,0.0,4,1,"

More than a year ago, the New York Times was a front-page news story. Today, it’s the front page story of the day. It’s the first article you read on its front page.

It’s a short list, but it gives you a good sense of what’s coming. I will do my best to summarize each item and provide context"
base,base,0.0,4,2,"

""The federal government says it will make this a priority, and that’s good, because it means we’re moving the ball forward.""

""I’m really proud of the work the Americans with Disabilities Act has done over the past nine months as it makes it easier and cheaper for people to participate in programs that can make a difference for people with disabilities, including those"
base,base,0.0,5,0," Trump has no interest in talking about the North Korean nuclear program, but he would have to show a willingness to rethink it before taking on the world. He's also unlikely to do it face-to-face with North Korean leader Kim Jong-un.

Brief: Trump, at this point, doesn't want to talk about the North Korean program. But there's a reasonable prospect"
base,base,0.0,5,1,"The Government’s proposal for a new tax on the high-paid has been introduced in parliament. It would be one payer for the entire population, and would have to be paid out of the national income and would be a flat tax, with a zero rate for higher-paid taxpayers, though a flat tax would still tax income above the cost of goods and services.

The new bill"
base,base,0.0,5,2," A new ""no government funding"" initiative that will force agencies to spend hundreds of millions more for science and technology that boosts the economy and the environment.

Brief: A plan for a new ""no government funding"" initiative that will force agencies to spend hundreds of millions more for science and technology that boosts the economy and the environment.

Brief: A plan for a new"
business,business,0.25,0,0," A little-known fact is that it was the most-wanted weapon in the UK.

The British government is now considering a proposed £50m (£33m) donation to help the UK’s war effort during the next decade in Iraq.

It comes after a series of court rulings on the legal question of whether a charity can help with the military’s efforts to combat terrorism"
business,business,0.25,0,1,"

On a recent day, a group of teenagers gathered in front of a building where they had planned to have a party on Saturday, October 22, 2016. When they walked through the building, they saw a group of young people in full uniform, talking about the recent construction on their campus. One group member was wearing a red shirt, and another was wearing a blue shirt. There were two"
business,business,0.25,0,2," A small piece of news about the city of Toronto.

“It started with a small story about Toronto’s rapid growth over the past 30 years, and it grew as a city by adding the last of the new suburbs to the city. But it was quickly overtaken by the economic boom that followed,” said Duff.

“The city then grew by adding more new suburbs and"
business,business,0.25,1,0," New details are emerging on the new Citi CEO decision, including a request for more information on the company’s business, and a “broad public announcement” about the company’s future.

Pricing, timing and other details have been kept confidential, as has details about how the company plans to launch a new global investment fund and the status of the Citi board.

"
business,business,0.25,1,1," The president says the new, public, full-color, color-enhanced photo, released by the department on Tuesday, showed all Americans, including the president, at the Pentagon.

Included in the photo, with a face painted white, is a picture of President George W. Bush, who is seated alongside President Donald Trump.

President Trump said he wanted to congratulate the photo"
business,business,0.25,1,2,"

The government is to publish its policy on the proposed changes to the rules for issuing bonds. The announcement will provide clarity to the public about the financial risks of issuing bonds.

The announcement also details the legal issues that will be brought to light during the next financial year.

Brief:

The government will take the position that issuing bonds for banks, such as JPM"
business,business,0.25,2,0,"

Nazi concentration camp in Poland. When Nazi Germany invaded Poland in WWII, the concentration camp was located in what is now northern Poland. After the war, the Nazis moved back to the area.

Brief:

Soldiers who worked in the war zone of Ukraine were allowed to retire and return to their homes, and they were granted free housing and food and other"
business,business,0.25,2,1," What is a group thinking and doing? What is a group thinking and doing? What are the problems with group thinking?

Brief: What is a group thinking and doing? What is a group thinking and doing? What are the problems with group thinking?

Candidate for the Pres. of the Senate, George Wallace.

A. What is group thinking and doing? B"
business,business,0.25,2,2," The group, called the Media Watch Board, has been in the news for years. The board has its own investigative reporters, and the board has its own investigative journalists.

""The idea is to report information that is critical and unbiased, and make sure that there is an equal and balanced reporting relationship with the public,"" said Jonathan Smith, the board's vice president of public affairs.

"
business,business,0.25,3,0,"

Today’s News - The news that has been happening in the West Bank is that there is a lack of peace in the area, that there have been clashes between Palestinian civilians and Israeli settlers. Today’s News - The latest news that’s been occurring in the area is that Israeli soldiers have taken over parts of Ramallah and are planning to carry out an assault on a Palestinian"
business,business,0.25,3,1,"

• Two men shot dead in a shootout in a suburban Atlanta mall.

• Two men killed in an attack that left a woman in critical condition.

• Two women who survived the attack are being treated for injuries.

• Two men killed by police in a shootout in an Atlanta suburb.

• Two men shot dead in an attack that left a woman"
business,business,0.25,3,2," A student told the Daily Times that he was stunned by the magnitude of the attack and that his brother and friends were in the suspect's vehicle. The student also said his brother and friends fled the scene before they were attacked.

The student went to a school to watch the attack unfold and said he had hoped for a second reaction after seeing what happened. He said his classmates were too scared to"
business,business,0.25,4,0,"

The number of Democrats who want to have an annual budget deficit is growing and there is growing support for a budget deal in place in Washington.

In this issue’s “Papers and Proceedings: “Budget 2014,” we detail a number of proposed spending increases that were proposed under the current budget deal. Included are proposals for the new spending increases and proposed tax increases.
"
business,business,0.25,4,1," “There is a huge amount of anxiety about the future of the U.S. economy, and the economy is not working well. What will be the most important thing to do?

“The economy is still in a very difficult place. One way to make sure that the economy is in a healthy and healthy place is to invest in things that will help support the economy. Investment in education"
business,business,0.25,4,2," A major overhaul to the U.S. Constitution is underway. It would give Congress the power to make laws, rather than just pass laws. This new version of the constitution provides for an equal justice system, but gives the power to pass laws to make changes to the constitution.

On the other hand, the Constitution was written in a way that was much more democratic and free, so a"
business,business,0.25,5,0," Government officials are saying they will not be ready to begin a review of the nation's nuclear emergency.

Cabinet ministers are urging the country's two major oil companies to delay drilling on the well because the government may decide it wants to delay drilling, they said.

The move will be seen as a challenge to Prime Minister Julia Gillard's decision to renege on an oil"
business,business,0.25,5,1," The government is offering $2 billion to bring back the Dunkirk

The Dunkirk Memorial

The Memorial is designed to help visitors to the ship, which is a key component of the British campaign to repel the Nazi threat in World War I. The memorial includes the lines, an aerial observation tower, a stone memorial and a memorial, all of which were added in 1966."
business,business,0.25,5,2," How the US can stop illegal immigration from Mexico.

Short on details?

Nearly a dozen of the more than 100,000 illegal migrants who have crossed the border into the US from Mexico will be turned over to their Mexican consulates, according to the United Nations and the US Department of State. The number will begin to rise in the coming months.

The release comes days"
politics,politics,0.25,0,0," A little-known fact is that it was the most-wanted weapon in the UK.

The British government is keen to re-invent itself, and it is already working on ways of using the ""Nexus of the future""

Brief: A little-known fact is that it was the most-wanted weapon in the UK.

The UK government is keen"
politics,politics,0.25,0,1,"

On a recent day, a group of teenagers gathered in front of a building where they had planned to have a party on Saturday, October 22, 2016. When they walked through the building, they saw a group of young people in full uniform, talking about the recent happenings in their town.

The group then said that, in their minds, the town of Weston-super"
politics,politics,0.25,0,2," A small piece of news about the city of Toronto.

“It started with a small story about Toronto’s new office building,” he says. “The building itself was just being built for the last quarter of a century. It would still be on the market today, but it was the beginning of its economic decline.”

“The fact that it had to be constructed with an operating"
politics,politics,0.25,1,0," New details are emerging on the new police headquarters in Lantway.

Brief: The Lantway Police Department has named the new headquarters after former Mayor Paul W. Niemeyer.

""The city is in need of a new police headquarters, and we need to be sure we're doing our job,"" Niemeyer said. ""We can't let up any longer."""
politics,politics,0.25,1,1," The president says the new, public, rule would allow state and local agencies and local governments to be fined if they don't enforce public laws.

Short version: The president says the new, public rule would allow agencies to be fined for ignoring or failing to enforce laws.

Advertisement

The Obama administration's public comment rule is aimed at making the rules more enforceable. But the rule"
politics,politics,0.25,1,2,"

The government is to publish its policy on the proposed changes to the rules for the national elections of the members of the United Nations General Assembly, who will be invited to consider the recommendations of the report, as well as a report of the Special Committee on the Rules for the Electoral Systems (SCRE) on the possibility of adopting the recommendation.

The Special Committee on the Rules for"
politics,politics,0.25,2,0,"

Nazi concentration camp in Poland. When Nazi Germany invaded Poland in WWII, the concentration camp was located in what is now northern Poland. After the war, the Nazis moved back to the area.

When President Roosevelt visited the Nazi concentration camp at Auschwitz, he wrote a long essay about the prisoners.

In 1943, during the Great Patriotic War in Afghanistan,"
politics,politics,0.25,2,1," What is a group thinking and doing? What is a group thinking and doing? What are the problems with group thinking?

Brief: What is a group thinking and doing? What is a group thinking and doing?

Brief: What is a group thinking and doing? What are the problems with group thinking?

Brief: What is a group thinking and doing? What"
politics,politics,0.25,2,2," The group, called the Media Watch Board, has been in the news for years. The board has its own investigative reporters, and many of the key figures are people close to the story. You can find out who is leading the investigation here, and watch a video about it here.

The organization is not a political party.

The board, which has been in the news for many"
politics,politics,0.25,3,0,"

Today’s News - The news that has been happening in the West Bank is that there is a lack of peace in the area, that there have been clashes between Palestinian civilians and Israeli settlers. Today’s News - The latest news that’s been occurring in the area is that Israeli soldiers have been making advances in the area. Today’s News - This is a fact that is"
politics,politics,0.25,3,1,"

• Two men shot dead in a shootout in a suburban Atlanta mall.

• Two men killed in an attack that left a woman in critical condition.

• Two women who survived the attack are being treated for injuries.

• Two men killed by police in a shootout in an Atlanta suburb.

• Two men shot dead in an attack that left a woman"
politics,politics,0.25,3,2," “I believe the United States can’t win this fight,” says Republican strategist Carl Greenwood. “I think we are winning.”

“A lot of people don’t believe that.”

WATCH:

“I’m not going to pretend that I’m not involved in a decision about this or that or whatever,” Greenwood adds. “I’m"
politics,politics,0.25,4,0,"

The number of Democrats who want to have an “immediate” response to the government shutdown has plunged to a low in June from a record low of 37,000 to a record low of about 18,000, according to a midterm analysis of data from the U.S. Congress. The number of those who want to have an immediate response also was down, from 7,800"
politics,politics,0.25,4,1," “There is a huge amount of anxiety about the future of the U.S. economy, and I don’t want to give too much away.”

Short: “I am not interested in the past.”

Long: “We cannot be the most prosperous, productive and free people on earth, no matter how rich or poor.”

Short: “We cannot be rich or"
politics,politics,0.25,4,2," A major overhaul to the U.S. Constitution is underway. It would give Congress the power to make laws, rather than just pass laws. This new version of the constitution provides for an equal justice system, but gives the power to pass laws to make changes to the constitution.

Brief: A proposal to make America's capital safe from fire and earthquake risk, and protect Americans from a"
politics,politics,0.25,5,0," Government officials are saying they will not be ready to begin a review of the nation's nuclear emergency.

Cabinet ministers are urging the country's two main nuclear-weapons states to continue discussions in the hope the U.S. might begin to act against the threat.

""What this will mean is that if the two world powers fail to act on our nuclear program, we"
politics,politics,0.25,5,1," The government is offering $2 billion to bring back the Dunkirk

The Dunkirk Memorial

The Memorial is designed to remember the lives lost in the early part of the Great War when British and Allied forces were driven from their land, leaving civilians to mop up the ruins, then to rebuild themselves. The memorial is being designed by a local architectural firm and has recently come forward"
politics,politics,0.25,5,2," How the North Korean nuclear test plan is based on the “one country, two systems approach”.

How North Korea can get around the “one country, two systems approach”: a new nuclear test plan with a detailed discussion of how to deal with North Korea in the future.

Why will a nuclear test never happen: a new nuclear test plan with a detailed discussion of how to deal with"
entertainment,entertainment,0.25,0,0," A brief on the current economic challenges facing the city of San Jose.

Summary: A brief on San Jose’s growing homeless population and the state of the housing market.

Written by: Susan K.

Written by: Robert J. Burch

Written by: Cedric H.

Written by: Susan K.

Written by: Robert J."
entertainment,entertainment,0.25,0,1,"

The current mayor of Binghamton is a retired professor of history, the son of two prominent lawyers, and is a longtime advocate of the rights of Native American communities. He and several other residents have lived in the city for decades.

“They built these new buildings, so they’re kind of a legacy to us,” said Mayor Robert Reyes. “So we can’"
entertainment,entertainment,0.25,0,2," A local news brief about a recent local development.

Brief: A local news brief about a recent local development.

Brief: A local news brief about a recent local development.

Carnaby River, Waterloo Region

A local news brief about a local development.

A local news brief about a local development.

Carnaby River, Water"
entertainment,entertainment,0.25,1,0,"

A public announcement about an event will not be issued until the public has paid to attend.

The event will also be broadcast online.

What will the event be about?

The event will be held in a public park.

What is a public announcement about?

A public announcement will not be issued until the public has paid to attend.

What"
entertainment,entertainment,0.25,1,1,"The U.N. condemns the use of human smuggling, trafficking and human smuggling in Libya as ""radical violence.""

The report said that ""the U.N. Office for the Coordination of Humanitarian Affairs is in the process of reviewing the facts and will be issuing a report from the United Nations Office of the Coordination of Humanitarian Affairs.""

Human Rights"
entertainment,entertainment,0.25,1,2," The public announcement of the election results.

The news brief: The news brief from the Electoral Commission about the results of the election.

The news brief: The news brief from the Electoral Commission about the results of the election."
entertainment,entertainment,0.25,2,0, The President of the United States has to come to the fore in the media with his decision and the reasons why it’s not made official. There’s a lot of information that he’s not told. But there’s a lot that he’s told in the press and on the air. And the reason he does not know is that he has no idea what is going on.
entertainment,entertainment,0.25,2,1," A report by the Canadian Security Intelligence Service (CSIS) identifies a group responsible for the attempted murder of a Canadian diplomat in Ottawa over a three year period. The group was named “Bureau of Meteorology, Oceanography, and Meteorology” and was later formally identified as “Alaska Forensic Science Center, Alaska Research Foundation, and Alaska Pacific Basin Forensic and Geological Survey"
entertainment,entertainment,0.25,2,2,"

The group made a decision to stop building a school in Flint.

I didn't make this decision, because I don't believe in it. I didn't make it. I have a lot of anger and I don't have the guts to go out there and do it. I think that I've been very fortunate to have been able to make that decision, and I really don"
entertainment,entertainment,0.25,3,0," An event that happened today that happened today.

""I hope to see people who don’t mind the negative thing about it,” said Rinat Akhmetshin, who was arrested in the case. “If the positive things were not good, the bad things would be a lot worse.”

According to the statement, Akhmetshin was taken into custody to"
entertainment,entertainment,0.25,3,1,"

“On Jan. 23, it became known that several individuals who were involved in the conspiracy to subvert the peace process in the Israeli-Palestinian conflict, including the former Israeli prime minister Yitzhak Rabin, were being held in Israeli prisons as part of a ‘peace camp,’ in which prisoners are being held without charge or trial.

“The ‘peace camp"
entertainment,entertainment,0.25,3,2," https://tinyurl.com/y1iYm4M

(The story is also written by an outside writer who had no editorial or commentary experience and didn't get the promotion she deserved. That's the story we're writing about here, as it's not the story she's meant to write.)"
entertainment,entertainment,0.25,4,0,"

Today in our last report from our regular update, we had an interesting development. In our discussion of the Senate’s new health care law, we’re talking about how the law will make it easier to get coverage. The discussion is about the idea that the law, instead of being passed to do something, will make it easier to get it, as people will have the ability to"
entertainment,entertainment,0.25,4,1," Some people are asking, ""Can I go out with the same thing over and over again?""

Short: Some people are asking, ""Can I take this thing with me?""

Long: Some people are asking, ""Can I take this thing with me?""

A brief: People are asking, ""Can I take this thing with me?""

Long: People are asking"
entertainment,entertainment,0.25,4,2," A new study has found that there are fewer women than men in college. This is important for college students as the gender gap on the sports field is growing.

What do you guys think? Let us know below."
entertainment,entertainment,0.25,5,0," A New York Times-New York Times story about how President Trump has been pressuring North Korea to cease its nuclear program.

The Long-Term Plan to End the Nuclear Weapon: A New York Times-New York Times story that discusses the Long-Term Plan to End the Weapon: An inside look."
entertainment,entertainment,0.25,5,1,"

A new plan for the U.S. would limit imports of foreign oil, which would reduce the nation’s ability to export a growing proportion of its energy needs.

The plan, called “Energy Independence,” would limit imports of foreign oil to two of four kinds, including crude oil. This would reduce imports to about 100 million gallons per year by the end of the plan’"
entertainment,entertainment,0.25,5,2," How to take a political risk on climate change.

“This is a very big change that is going to require you to be very careful and very cautious about what you do and say, and how you do it,” said the Trump campaign adviser, Brad Parscale, an experienced climate scientist. “We’re going to take a long look at the science in this area, and then we"
business,business,0.5,0,0,"

The development is being developed in the city of El Paso, Texas. The development is near a large industrial plant in downtown El Paso, which is being developed on a part-time basis. The plant is expected to produce about 100,000 pounds of steel per year. The developer is the El Paso Energy Corporation.

The town of El Paso, the largest in the United States,"
business,business,0.5,0,1,"

We’ve covered the latest development in the city’s “no-so-weird” and “weird” housing scene.

The developer announced last week that it’s closing 200 housing units in a new development that would build a new downtown high rise on the northeast corner of Broadway and Third Avenue.

“I had to re-do the construction to get"
business,business,0.5,0,2," The state is under a three-way emergency with:

1. A state of emergency due to an extreme drought:

2. A national emergency:

3. A state of emergency as a result of the COVID-19 crisis.

The Emergency Election Sale is now live! Get 30% to 60% off our most popular products today!"
business,business,0.5,1,0,"

A public announcement about a public announcement on the steps of a polling station in the State Capital, a short neutral news brief on the steps of the state capital.

About:

In 2015, the New York Times reported that the Trump administration is going to cut the minimum wage, increase taxes, and reduce the overall federal budget by $1 billion.

Trump's proposed changes"
business,business,0.5,1,1," How many of the people who are outraged about the new gun control laws are angry about what happened to innocent people?

What does the new legislation do? It opens the door to a wave of restrictions on guns and guns in the hands of citizens who are not violent enough to commit a crime. We are talking about people who, when they become responsible for their own behavior, often do something"
business,business,0.5,1,2," The first of the new announcements is an announcement of the withdrawal of the British Government's request to withdraw £2.4 billion in loans, loans and other payments to European countries, to be announced in March.

New: An independent analysis of EU fiscal rules, by UK economist James Stacy, shows the financial authorities in the EU are not adjusting its budget requests. In short, Britain is"
business,business,0.5,2,0, The group of eight women who accused Russia of meddling in the 2016 U.S. presidential election says the allegations against them are false.
business,business,0.5,2,1," We can't ignore the consequences for those we protect from terrorism.

Brief: A group of terrorist threats that we shouldn't ignore.

Brief: The FBI and others have to step up.

Brief: A group of threats that we shouldn't ignore.

Brief: Our children, our loved ones, our children's loved ones, our loved children are"
business,business,0.5,2,2,"

Failing to enforce a law that allows the sale of alcohol in public places, this group seeks to prevent those people from making sales that violate public health laws.

Brief:

Failing to enforce a law that allows the sale of alcohol in public places, this group seeks to prevent those people from making sales that violate public health laws."
business,business,0.5,3,0, An event that took place today involving a group of students who have a history of opposing President Barack Obama’s plan to address climate change is being investigated by the Department of Homeland Security and the FBI.
business,business,0.5,3,1," President Trump's transition team is not working overtime on his transition team, and that will put at risk its credibility in the days ahead. That's the plan. But the president's transition team has not said that it will be. And the Trump team has taken that change to a new level.

In order to improve the efficiency of the system, the president can put his own team and many"
business,business,0.5,3,2," The state of North Carolina’s elections laws and ethics standards are evolving rapidly. The current laws have long been scrutinized and subject to extensive scrutiny, and the legislature has passed many laws to address concerns about transparency and oversight. And some legislators have suggested that they could address the concerns of citizens while taking further action to protect their rights. But they’ve not. As a result, most legislators have"
business,business,0.5,4,0,"

“The White House’s plan to re-implement President Barack Obama’s controversial immigration reform plan is not going to help immigrants who illegally make a living, but will do little to keep current illegal immigrants in the U.S.,” the president said Friday in a statement.

“Our immigration law-and-order agenda is not working,” the president continued. “Our"
business,business,0.5,4,1," The New York Times:

“I was struck by the level of urgency that the newspaper and its news editors had been calling for a week after the shutdown of the nation’s first-ever national computer system.”

Short: The New York Times:

“The computer company was forced to cut staff for the remainder of the government shutdown, causing problems for employees and reducing the company"
business,business,0.5,4,2," The new law will allow businesses to make a ‘pay to play’ proposal for their products. In the process it will allow companies to give out their business cards to customers and the city will be able to make it easier for businesses to do this.

Businesses will get to know what they can do and do it better by making their product, services or business products ‘pay to play.’"
business,business,0.5,5,0," It could result in less than a third of the total deficit over the next decade.

Summary: The proposal includes a provision that would raise the national debt to an amount that could fund the U.S. government for a decade. The U.S. would become the fifth largest contributor to the debt limit by the time the new debt limit is reached. The U.S. government would"
business,business,0.5,5,1,"

Nuclear program: The U.S. has a nuclear weapons stockpile. In other words, the weapons are on standby. The U.S. can use the program as a weapon in its war against Iran. Iran has threatened that it could use the program as a weapon against U.S. allies in the region. The president of the United States is also thinking about a"
business,business,0.5,5,2,"

A new proposal to make the Federal Aviation Administration (FAA) a single source of energy.

A new report that makes it clear that the government will be ""at war"" with Russia."
politics,politics,0.5,0,0,"

The development is being developed in the city of El Paso, Texas. The development is near a large industrial plant in downtown El Paso where it is being developed on a part-time basis. The plant is being developed on a portion of the site which is not being used for the type of construction it is being built on.

Local News:

The El Paso News published a"
politics,politics,0.5,0,1,"

We’ve covered the latest development in the city’s “no-so-weird” history and its role in a local school board and zoning board’s decision to remove a controversial housing development. This particular development is scheduled to go before the City Council for a public hearing.

The school board in May voted to remove the proposed development after a meeting with community concerns about"
politics,politics,0.5,0,2," The state is underfunding water treatment and a major source of its own energy.

The federal agency would have to turn over water to the state Department of Environmental Quality, which can use the water to do its dirty jobs.

The agency is set to report its findings in March, but its office says it hasn’t received any funding to do its job in years.

"
politics,politics,0.5,1,0,"

A public announcement about a public announcement. A public announcement may be made only by the Governor, a Cabinet Minister or a Cabinet Member, and the state must notify the public at least once in a year.

The Public Press Brief states that it is ""an official public notice about the announcement of a public announcement in the coming month"".

A Public Press Brief must be sent to"
politics,politics,0.5,1,1," How many of the people who are outraged about the new gun control laws are angry about what happened to innocent people?

What does the new legislation do? It opens the door to a new round of litigation. If you sign a letter to the editor, you can put your name forward, but your brief must be brief and be only one sentence. This is a good way to build a"
politics,politics,0.5,1,2," The first of the new episodes is titled ""The Rotten Bush."" In it, you'll be able to see the entire narrative of Bush. The story of the presidential election is one of four main topics discussed.

The second issue, with a different topic, will center on the issue of whether or not the Bush administration's use of tax breaks to fund the war is justified by the fact"
politics,politics,0.5,2,0," The group of eight women who made this decision said they found themselves alone at the table, without any guidance. It was also difficult to see how their lack of input could help any other decision being made by the group.

The group's decision was to go to the UN, and to use the UN's human rights mechanism, the International Committee for the Protection of Human Rights and Fundamental Rights"
politics,politics,0.5,2,1," We can't ignore the consequences for those we support, but some of the most common solutions are just not enough.

The UK government plans to increase its role in the world by £40 billion a year in the next four years, including the establishment of the UK government's first UK-wide ""news and information"" unit.

The plans will aim to boost the country's capacity in"
politics,politics,0.5,2,2,"

You’ve been a journalist working in the Middle East in the past year and have been asked by Western nations to join a multinational consortium to design a new warhead. You believe the process has been too difficult. You believe it will cost too much. You feel that the best way to deal with the challenge is to stand up and take it. And you want to be known for"
politics,politics,0.5,3,0," We are pleased to see that the Department of Homeland Security has introduced a new, new technology to the federal government that will help people find their way home. We’re looking to provide an accurate and reliable way to communicate with all of our government and law enforcement agencies about a variety of events that occurred this year. To provide this capability, we have introduced a new technology to the Federal Computer Emergency Read"
politics,politics,0.5,3,1," President Trump's transition team is not working overtime on his transition team, and that will put at risk the credibility of the Department of Justice and FBI, which will be working to find a way to stop what happened today.

Brief: As part of our briefing, the White House has set up a briefing for special counsel Robert Mueller's team, where they will try to find out why the"
politics,politics,0.5,3,2," The state of North Carolina’s political environment and the state’s political landscape, by John O’Connor, The Christian Science Monitor.

More: North Carolina: The GOP’s fiscal recklessness is over, state officials say

More: In an article by David Wasserman, North Carolina politicians are talking about the state's future as a state where they will probably vote in"
politics,politics,0.5,4,0,"

“They were told to give us a little bit more than we gave them, and so we don’t give them anything back,” said D’Aulay, whose client is the Washington Examiner. “They’re like, what the hell are you talking about?”

“I have a pretty good sense of what is going on in this city,” said Covington"
politics,politics,0.5,4,1," The New York Times:

“I was struck by the level of urgency that the newspaper and its news staff had been calling for a change, and I was determined to take action.”

Heavy:

“I thought the pressure was too much for this paper to bear. It’s just too much for the people who are doing their jobs.”

Heavy:
"
politics,politics,0.5,4,2," The new law will allow people to make a ‘neutral’ statement about the coronavirus outbreak as long as it’s not explicitly about a specific topic like the coronavirus or the flu.

It’s been reported that a federal judge has blocked the new legislation from getting on the internet before an outcry from the public.

Lawmakers will likely vote on this on Wednesday and Thursday.
"
politics,politics,0.5,5,0," It could be a good thing for the U.S. economy, to cut interest rates, to increase spending, to make some gains with new technology and to reduce government debt.

Witty: It could create a positive impact.

Brief: It could help our economy, and our tax code, be more productive.

Brief: The public should see more of the"
politics,politics,0.5,5,1,"

Nuclear program: The U.S. has a nuclear weapons stockpile. In other words, the weapons are on standby. The current nuclear weapons stockpile should be reduced, so that the current stockpile can be replaced.

The New World Order: The U.S. is increasingly involved in a global civil war, fueled by a variety of conspiracy theories. These include"
politics,politics,0.5,5,2,"

A new proposal to make the Office of Statewide Affairs responsible for managing the Bureau of National Affairs would be the first significant step in a larger, more ambitious effort to ensure that the State Department and the State Department’s business partners would be allowed to participate in the Federal Emergency Management Agency’s Department of Energy and Environmental Protection (DEEP).

A new document released this week,"
entertainment,entertainment,0.5,0,0,"

As the population of the Lower Mainland and Northwest Territories continues to fall, what's the best way to get more residents in the area to come out? In June, the provincial government released the most recent census. A more detailed look at the statistics revealed a new median household income for the area has been below the national average. The low household income level among younger and older generations shows"
entertainment,entertainment,0.5,0,1," The new mayor is a big, broad-shouldered, good-natured guy who is the kind of guy you can just throw around the phone and call if you can’t get a hold of him, and he’ll be a big, broad-shouldered, good-natured guy to boot.

On the other hand, there is something of a subplot of an"
entertainment,entertainment,0.5,0,2," The city council has approved an initiative to put $250 million into a new library fund and is working with its partners to ensure that it gets the funding needed to complete the $400 million renovation of the old library. The new library will bring together more than 8,000 books and more than 2,000 items for local kids and adults to read.

The project could add more than 900 titles"
entertainment,entertainment,0.5,1,0,"

The city is looking for a writer to edit a short story about a government shutdown, and then add a link to that story.

Dubbed the ""Brief,"" the writer is Mike Wachter, and the first story in the short is entitled ""We're not gonna do this. It's too late for us.""

Wachter has previously written about the"
entertainment,entertainment,0.5,1,1," A public announcement is an announcement or announcement for an item, event, issue, news, or information to be broadcast about, in, about or over the media to the public. Briefs are often used as announcements for news. An announcement is brief if it has to be produced by the public, and a brief if it has to be produced by the public.

Brief: A short"
entertainment,entertainment,0.5,1,2,"

The announcement will be released in an hour.

What’s it to say?

It’s a short, neutral brief that has no context for the news.

What’s it’s to say?

It’s a brief, neutral brief.

What’s it’s to say?

It’s a brief, neutral"
entertainment,entertainment,0.5,2,0," What’s The Matter With Them?

When a group of people decides to make a decision to make a difference, it is about the right to be heard, and whether the decision will help us in society.

It is about the right to be heard, and whether the decision will make a difference in our community.

The way to the right to be heard is through"
entertainment,entertainment,0.5,2,1," What happened when Obama’s job was made into a national holiday.

About that brief: “I am asking the President to do something to help make sure that we are all on the same page about how we got here, about the politics of the country, about the priorities of our government.”

Brief: Did Obama make a decision based on the political winds of the country?"
entertainment,entertainment,0.5,2,2," ""The American people do not want to be hurt by their political leaders and they don't believe that what the President is saying to them. But they want to know whether the American people are ready to have their voices heard. So in the middle of the night they make a decision to vote against a very important amendment and to then say, 'We are not going to vote for this,' because it"
entertainment,entertainment,0.5,3,0," A short video brief of the event.

A short video brief of the event. Brief: A short video brief of the event.

A short video brief of the event. Brief: A short video brief of the event.

A short video brief of the event. Brief: A short video brief of the event."
entertainment,entertainment,0.5,3,1,"

President Ronald Reagan's birthday is today. He is also the first president of the U.S. since Franklin Roosevelt to be honored by a person.

Brief:

George Washington is also the first president of the United States and the first president who died while on a trip to Hawaii.

Brief:

President Bush was the first president to be honored by"
entertainment,entertainment,0.5,3,2, A family of 3 boys were hospitalized in the hospital after a tornado hit their home. A man who had access to the house was killed.
entertainment,entertainment,0.5,4,0,"

A major issue will be the ongoing use of social media for promoting political and social content.

The content of this brief was created by the Political and Social Networking Platform (PSN) and is a part of the ongoing social media effort to further the aims of the platform.

PSN, an online platform for exchanging political and social content, has had a large role in"
entertainment,entertainment,0.5,4,1," In June, the Bush administration proposed a long-range security-reform plan for Iraq called the “War on Terror.” It included a five-year delay in launching a new phase of the war, which was to begin in January. Under the plan, the U.S. would send a group of Iraqis to the U.N. to study the plan. The Iraqi prime minister was"
entertainment,entertainment,0.5,4,2,"

I was recently on a panel at my local newspaper and the topic was “How do we get away with bad things”. I am so glad I came up with my answer in such a timely manner. The panel was a little biased and had a very emotional reaction to my comments.

I was asked this question several times and it seemed to have a lot of people thinking I was right"
entertainment,entertainment,0.5,5,0," “The U.S. government will continue its efforts to limit gun sales, but it’s also raising the stakes for the public to see it in action, according to former senior U.S. officials who spoke with The New York Times. The proposal is designed to show the government is not simply a pawn of the Second Amendment, but is working to expand the reach of gun-control efforts"
entertainment,entertainment,0.5,5,1," The National Press Club (NPC) and Newsday will publish the first edition of its daily opinion newsletter, which will contain an hourlong radio segment as a short introduction. The News Club president, William Sullivan, and the editorial board will meet in the basement at the New York press center on Monday, Nov. 1.

The Tribune’s full weekly feature will include news from the news"
entertainment,entertainment,0.5,5,2," The next-best thing for the State Legislature is a better understanding of how the power that has been given by local government and a better understanding of the need for more transparency.

But, as I’ve mentioned before, my job is to be able to provide the information needed to do that.

That includes the facts, as well as the logic and the implications.

So"
business,business,0.75,0,0," A Local Development Advisory Committee is working to help create the “Mission-To-Plan” area in Los Alamos, the new development which has been under construction since 2016 and which has seen development prices drop significantly over the past few years. The advisory group also includes a number of officials from LAS, a state government agency, and community leaders such as community leaders, local governments, and local"
business,business,0.75,0,1," This news brief is a compilation of local news reports about a local development. It was originally published on the B2B platform Wibra, now part of Google.

This News Brief contains detailed information on this development, as well as links to further local news stories. It contains short, non-textual summaries of each of the five major development stories, including local and state stories"
business,business,0.75,0,2," The New Jersey Economic Development Authority is set to become the state's second-largest economic development agency with an annual budget of $1.6 billion, according to a July 15 announcement. It will include 20,000 jobs.

Brief: State Sen. Bob Menendez, D-Berks, is supporting a bill that would make it easier for the governor to sell the state's water"
business,business,0.75,1,0," The Senate Intelligence Committee will not discuss President Donald Trump’s “intelligence briefings.”

Brief: The Senate Intelligence Committee will not discuss President Donald Trump’s “intelligence briefings” on Tuesday.

Brief: The Senate Intelligence Committee will not discuss President Donald Trump’s “intelligence briefings.”

Brief: The Senate Intelligence Committee will not discuss President Donald Trump’"
business,business,0.75,1,1," ""If a state has a net worth of $1 million, then all net-worth people who are in a state with $10 million worth of assets would owe $10 million to the state.""

The government is also looking at creating a state budget that would include some cuts to tax revenue.

The Federal Reserve also wants to expand the size of its balance sheet, which will be"
business,business,0.75,1,2," A report from the Associated Press reports that a U.S. drone strike was successful in killing a suspected al-Qaida facilitator in Iraq, officials said.

Brief: The Washington Post reports that al-Qaida has been ""ruling in Iraq and threatening to invade the United States,"" referring to the militants fighting the U.S. mission.

Brief"
business,business,0.75,2,0," A group of people who say they have made a decision to boycott the US Senate and Congress.

What do you mean?

1) Stop US Senators from being on the list
2) Stop US Senators from being on the list.

Dozens of US Senators and Senators’ associates including some from the Democratic Party are said to be on the US Senate’s list of “"
business,business,0.75,2,1," A political report has been filed by the FBI for the Justice Department. The report would require the government to take a look at any previous statements by Obama administration officials about the need for reform in the administration's effort to curb the number of violent domestic violence arrests.

Brief: A new report shows that the president-elect has not met his obligation under the new law to reform the nation's"
business,business,0.75,2,2,"

Nelson is the new governor of the U.S. Virgin Islands. She is currently on the advisory board of The International News Service, a state-owned media organization. The purpose of the report is to improve the quality of press coverage and the coverage of the news.

A brief about a group making a decision on the outcome of the COVID-19 pandemic.

A"
business,business,0.75,3,0,"

This news brief describes the death of a man who claimed to have witnessed an event where he felt the need to flee from a shooting in which he had been shot. In a statement released to the Daily News the man said he was shot because of a “scary man” who threatened him with a gun.

“We are deeply saddened by this tragic news, which has caused"
business,business,0.75,3,1," BRIEF: A letter sent to U.S. Citizenship and Immigration Services Administrator Michael K. Huerta on Oct. 27, 2015 in the U.S. Court of Appeals for the Seventh Circuit, by former CIA official Michael W. Flynn.

Brief: A letter sent to U.S. Citizenship and Immigration Services Administrator Michael K. Huerta on Oct. 27"
business,business,0.75,3,2," The Trump administration has set aside $2 billion in the next fiscal year for a number of government programs. That money will go to “promoting the growth and efficiency of the federal government and the economic vitality of our states.”

Minority Report actress Susan Sarandon was among the guests on the House panel, along with Republican lawmakers, including Rep. Jerrold Nadler, D-N"
business,business,0.75,4,0," As the president was about to announce a major spending plan for federal agencies, Republican lawmakers were lobbying their party for an amendment in the House to cut the spending caps. The amendment was defeated by a vote of 72 to 24.

Brief: ""We are concerned with the impact of this budget, and there is no certainty about the impact,"" Republican Sen. Carl Levin said in a statement in"
business,business,0.75,4,1,"

""The problem is not that Trump's policies are bad, they are good. There is some good news in the world that will keep a lot of people happy.""

Trump has been a great friend to the Chinese economy and is a hero of America's. But some people are worried that he is too cozy with China.

Here is a brief, if you want to read"
business,business,0.75,4,2," Obama, the president, is on a roll, with his approval rating still rising.

He has a healthy job rating from the American people, and that rating is in line with expectations from a poll taken from a recent Reuters/Ipsos poll.

Obama and the rest of the administration are on a roll, with more people saying the president will do better with their money.
"
business,business,0.75,5,0," The Republican-led House voted Monday to approve a $1.1 billion package that includes a ban on spending more than $1 billion more on tax cuts for the wealthy, a package that would limit the amount of corporate income tax revenues available for deficit reduction, and a $450 million increase in the nation's defense budget to fix the nation's largest problem: fighting terrorism. The $350 million increase"
business,business,0.75,5,1," https://bit.ly/2Q2t3eN

1) Fake media reports to create a fake story.

2) A fake news story will create a fake story, it will create a fake news story.

3) A fake news story will be created based on the fake news report.

4) The fake news report will be created based on"
business,business,0.75,5,2," The White House said this week that President Barack Obama will not consider re-election on the same basis the House re-elected him on in the 2018 midterm elections, and that some key provisions of his health-care overhaul would be revised. The White House plans to continue making the case that this will be a “significant” move by the administration.

The New York Times reported Thursday that"
politics,politics,0.75,0,0," What can a family do when they find themselves on the losing end of a $3 billion infrastructure project? We can’t help you with any other issues, but a report from the University of Maryland’s Baltimore Community Environmental Health Program found that the most common reasons people in the community give for spending too much money.

But there is more at play here.

Brief: The"
politics,politics,0.75,0,1," This was a great example of how local governments can use political power to improve their services. The City Council, for instance, is supposed to provide for public works projects like roadways and sewers.

The council would consider a proposal that would allow the mayor to reduce the number of projects that would need city improvements by limiting the amount of money spent on roadways, sewers and water projects"
politics,politics,0.75,0,2," The New Jersey Advance, the largest daily newspaper in New Jersey, is on the brink of shutting down in about 30 seconds, according to a recent report. The Daily News is on the edge of its decision, with plans to stay, and the New Jersey Herald-Patron, the daily in Newark, is the last remaining regular paper in the state."
politics,politics,0.75,1,0," The Senate is investigating whether President Trump defunded Planned Parenthood by claiming funding from the group’s largest donor, the Koch brothers. That is an issue that will be resolved on the Senate floor. Democrats will determine whether to seek a balanced budget and make the budget balanced.

Brief: The Senate is investigating whether President Trump defunded Planned Parenthood by claiming funding from the group’s"
politics,politics,0.75,1,1," ""If a person has been caught with drugs, and they're being released by the public, they should be arrested and charged. This kind of public policy would make the public very reluctant to release them.""

She goes on to talk about the public ""deserve a greater degree of secrecy"" when releasing public information.

The public should be ""less likely"" to see the information released"
politics,politics,0.75,1,2," “The most powerful thing that could happen on the first day of the election was that all parties would be asked to take a second look at how they approached the media,” he says. “They could say that this was not a race for any reason whatsoever. They could be saying that this was a case of media fatigue. But in that first round the idea that all parties would look to the press"
politics,politics,0.75,2,0," A group of people who are concerned about the way the US government does things and the way that the press works.

Brief: A group that is concerned about the way the US government does things and the way that the press works.

Brief: A group that is concerned about the way the US government does things and the way that the press works.

Brief:"
politics,politics,0.75,2,1," A political report has been filed by the FBI about the murder of David Pryor.

That report details the murder of Mr Pryor by a group of African-American males. That investigation also uncovered evidence of a sexual relationship between the men.

The investigation revealed that the men were seeking a job after buying a gun and that they believed it was a legitimate job for men."
politics,politics,0.75,2,2,"

“I’m here to help,” Dabney told the Herald. “I’m not sure what the decision will be, but we’re not going to be looking for the right answer. We want the best solution. There is no right answer. The wrong answer.”

The group “made a decision to leave” Dabney’s office but that decision “"
politics,politics,0.75,3,0,"

This was just an interesting way to ask a question of “what’s the difference between the two countries, which I like to describe as “democracies” or “states-owned companies” or the “wealthy elites of Europe”. So I think it’s important for a proper comparison.”

Why do so many of the UK’s politicians, policy experts and journalists"
politics,politics,0.75,3,1," the death of a college student in South Africa.

It started with a few quick comments. A student posted on Facebook asking why her husband’s parents did not like her work. The message then included a picture of his mother, his sister and an unrecognisable picture of the two of them.

After the post went viral, the man left the post, apologized, and"
politics,politics,0.75,3,2," The British government has set up a special review on the state of the national economy and the economy's future in order to help prepare for a possible ""social and environmental emergency"". The government's proposals on the future of the economy will need to be approved by all levels of government, including the House of Commons, and by Parliament should the government's proposal be enacted.

Brief: There are"
politics,politics,0.75,4,0," As the president was about to announce a major spending plan for federal agencies, Republican lawmakers were lobbying their party for an amendment in the House to do the same.

That amendment, the Republican Constitution, is the one that gives the president the authority to cut funding for the National Institutes of Health in the wake of budget cuts to federal health programs, including the ones currently funding the University of California at"
politics,politics,0.75,4,1,"

""The problem is not that politicians and politicians do not respect each other, but that when they are in a position of power, they need to be in a position of power to do this. We will not let that happen.""

""I'm concerned that even some people would think otherwise,"" said John Paul Vang, a retired army general who has worked for the US and Vietnam"
politics,politics,0.75,4,2,"

“…the need for a single, single, simple solution to the problem of mass immigration, which is the undoing of American society,” Trump tweeted Friday.

…a change that can help those who are already here, and those who are not… It’s a small step, but it’s a small step.” — Donald J. Trump (@realDonaldTrump) April"
politics,politics,0.75,5,0," The Republican government will be held to the Supreme Court's terms on a new system that includes a ban on lobbyists and political contributions. The government will have to be brought back to the courts if it isn't.

Brief: The proposed federal immigration system would not have an automatic two-year statute of limitations to enforce the ban on political contributions and other lobbying that has been in place since"
politics,politics,0.75,5,1," https://bit.ly/2Q2t3eN

1) If we are talking about the government shutdown, we are talking about Trump saying that he has a plan to have a trade deal with the United States but not with Canada. That’s not correct. Trump is talking about the deal with Canada.

2) In case there are any doubts about Trump’s"
politics,politics,0.75,5,2," The White House said this week that President Barack Obama will not consider re-opening the government after it closes.

The statement follows reports that President Trump had sought to push the president to get a new contract with Microsoft.

The Trump administration is expected to follow up after the shutdown with a plan to reopen the government.

The White House said this week that officials would meet Thursday in"
entertainment,entertainment,0.75,0,0," The community’s current-day status is “displaced.”

“Today’s residents are displaced,” said Dan Smith, a former City of Seattle mayor who is now mayor of the city of Spokane. “The loss of access to a public place, to the real world, to a work place, to a community, and a life in general, is a tragedy. It"
entertainment,entertainment,0.75,0,1,"

The New York Times (NYS): One woman killed in a recent crime in New York City. Another in a recent crime in New York City. A woman from California is dead after being shot multiple times, reports the Wall Street Journal.

NYS: The New York Post (NY): The latest murder in New York City. (Kasich did not immediately respond to a"
entertainment,entertainment,0.75,0,2," ""Housing is still under construction. However, we are working on a design to provide a great home in the neighborhood. The neighborhood is a small one with a lot of trees and grass.""

Brief: ""The neighborhood is a young residential development with a lot of trees and grass.""

Homes: ""Houses are built with big space for both residents and the environment in"
entertainment,entertainment,0.75,1,0,"

A public announcement in this regard is now required for a news report. This notice provides a brief, in English, summary of a public announcement which would include the names and names of the persons who made the announcement.

Public announcements are usually made by radio announcements or a newspaper which have been published in the locality. News reports may be broadcast in languages other than English. A public announcement"
entertainment,entertainment,0.75,1,1," In the past few weeks, one news organization has brought out a documentary entitled ""Battlestar Galactica."" The program is about an individual who was a victim of a ""welfare queen"" who was allegedly raped and beaten by a wealthy man in the 1990s. One of the members of the group was a reporter for The Wall Street Journal. The woman had just gone to see a"
entertainment,entertainment,0.75,1,2," “A few days before the election, the news network CBS released a photo of Republican challenger Matt Wolff, who is an avid outdoorsman, who said it was his favorite thing to see in the campaign, that was not a “favor.”

“After his photo was released, Wolff said that he believed the photo was a publicity stunt and that it was not for political purposes"
entertainment,entertainment,0.75,2,0," How the government can say they're protecting the president from possible criminal charges, but it's difficult to see where that's going.

""The only way that I can see [the government] to make a case for criminal charges and to go forward with it is to get a jury trial, which would have been the case if the defense wasn't going to go through a full criminal trial,"""
entertainment,entertainment,0.75,2,1," In the news media, the goal is to be the first to talk about the issues that matter. The group’s goal is to promote discussion, not to promote or give opinions. The group’s goal is to help people think. It is not an objective discussion. The group’s goal is to be the first to talk about the issues that matter.

The group’s goal"
entertainment,entertainment,0.75,2,2," We all have heard of the ""Parker Effect"", a concept by neuroscientists that says that even the brain has trouble remembering information from a long ago and has the ability to do so. And so we have all heard of ""The Internet and the Brain"", a concept that describes the brain as the internet's ""Internet"", but it is actually the brain's ""Internet"" which is the brain"
entertainment,entertainment,0.75,3,0,"

Today, a group of men with a history of sexual harassment began to arrive at a local community center in downtown Indianapolis where they would have a one-hour long conversation in which they would introduce themselves and share stories about their experiences, one of whom was described as ""a very powerful female who was having sex with a man."" The group was then asked to sign a pledge to leave the area"
entertainment,entertainment,0.75,3,1," The National Police Chiefs' Association, the organization that has been at the forefront of fighting the dangers of gun violence for many years, has given the most significant testimony of the events that occurred today.

At a press conference in downtown Philadelphia, the group said they will continue to offer more information as we get closer to a full story on the tragic events involving the police chief and the suspect that was"
entertainment,entertainment,0.75,3,2," “I heard a loud and clear call for an independent election for the second time in 20 years. It is a very sad day for the party of God, and in the case of that call, it is a very great victory for the faithless church that is trying to hold itself together for the foreseeable future.

“For us to win this election, we must show that we have not"
entertainment,entertainment,0.75,4,0," How to Make it Stop

1. Use the words “you can do this” and “it is your decision.”

2. Use the words “change people’s lives” and “you are making them better.”

3. Use the words “what you can do” and “what you can do to change people’s lives.”

4. Use the words"
entertainment,entertainment,0.75,4,1,"

""We haven't had a chance to talk with people we know, we have a lot to talk about but I know that it's been a very busy time in the world for the people of Haiti.""

Haitian activist and political dissident Jacqueline Bailly tweeted a letter to President Jean Claude Tremblay calling for a referendum on the death penalty in Haiti"
entertainment,entertainment,0.75,4,2,"

In the recent past, the FCC has had the power to place a high-profile, public comment period where its employees are made public. This was the reason they were created. But in the recent past, they had the power to place a low-profile comment period where they're made public.

In the recent past, the FCC had the power to place a high-profile"
entertainment,entertainment,0.75,5,0," New plan for the ""biggest and most powerful state in the US"" -- to be voted on next year -- would be a long-term solution to the nation's debt crisis.

Brief: The ""biggest and most powerful state in the US"" -- to be voted on next year -- would be a long-term solution to the nation's debt crisis.

Brief"
entertainment,entertainment,0.75,5,1," How the Obama administration plans to push back on a proposal by the National Security Council to reconfigure the military's aircraft, saying the effort will help the country ""build a more stable and cohesive armed force""

Short: A brief about the new plan at the Pentagon.

Brief: The Pentagon is considering different options for the Pentagon to handle an increase in combat forces, but is"
entertainment,entertainment,0.75,5,2," Ugly news about the future.

You can find the latest stories by clicking on the story icon on the right.

Comments

comments"
business,business,1.0,0,0,"

1. A $40 million, nine-story building at 110 S. Market St. has been completed. The building is part of a new commercial building complex that will add a second anchor point for the Baton Rouge-Pensacola-St. Louis Economic Development Corporation and, later, the Florida Street Energy Development Corporation.

2. The city of Baton Rouge,"
business,business,1.0,0,1," A local man died of a heart attack a day after he received a call informing him his home had been sold. He said the house owner had not sold his business and had turned it over to the housing authorities.

News: A recent survey by an Arizona nonprofit group found that about one-third of residents do not have insurance. The group, which works to fight the coronavirus, says the"
business,business,1.0,0,2," ""The recent move of a large building by residents in a shopping mall area to a commercial area is a positive step, but further development in the mall is needed, as there are several retail opportunities, particularly in a shopping mall area.

""The developer has raised the issue of the construction of a new facility in the mall with the view of attracting business. The mall construction will benefit from more"
business,business,1.0,1,0," On Wednesday the US Environmental Protection Agency announced that it is reviewing the agency's approval of the controversial water pollution-prevention program that allowed the EPA to regulate discharges of some 4.3 billion gallons of the toxic liquid in recent years. The program, known as the Safe Drinking Water Act, has been used to limit water pollution and protect children from the toxic chemicals that cause respiratory distress.

"
business,business,1.0,1,1," A public statement, issued today, is aimed at announcing, as much as possible, the official announcement of the government's plan to extend the National Living Wage (NLW).

The NLW will be extended until at least 2021. It is intended that the maximum allowable NLW (NMLW) will be reached by 2020.

""We will do everything we can to"
business,business,1.0,1,2," A new study shows that a new law will improve transparency, reduce fraud and reduce the risk of government waste."
business,business,1.0,2,0,"

The group, Akinawake, is committed to improving the lives of its citizens through education and community service. The Akinawake community, and the government, are working toward providing basic necessities like food, water, education and housing.

“The Akinawake project is designed to increase the overall amount of economic and cultural development of the area and thus increase the"
business,business,1.0,2,1," The Federal Government will take a public charge to increase the public awareness of the threat of terrorism and will give the Government the necessary resources and resources to help reduce terrorist attacks.

Brief: The Federal Government will focus on terrorism-related crime in order to boost crime prevention and control.

Brief: The Federal Government will give the Government a new strategic plan to boost the government’s"
business,business,1.0,2,2," This report is about the State Department’s decision to cut about 10 million people’s spending on its military, according to the report. The agency is also cutting about 20,000 jobs."
business,business,1.0,3,0,"

Some time after 4pm, the North Korean propaganda TV station reported that President Trump was likely the culprit in the assassination of former National Security Adviser John Bolton.

Brief:

The station reported that Bolton, who had been secretary of state for over 30 years, was being investigated as a potential terrorist. He was also reportedly being investigated by China.

Brief"
business,business,1.0,3,1," An event that occurred today, in Washington, D.C., where the Trump administration has threatened to cut off the Internet without providing congressional approval or an agreement with the federal government over the content of its massive telecommunication system, where Internet traffic has exceeded 10,000 websites and more than 1.3 billion internet users, is being called off.

A spokesman for the Trump Organization, who represent"
business,business,1.0,3,2," U.S. President Donald Trump has canceled a visit to Colombia, which has killed more than 1,000 people and displaced thousands of civilians, and said he would seek to work with the Colombian government to end the violence.

Pollution levels in the U.S. are among the worst in the world and the worst in Latin America, with more than 6 million people living in"
business,business,1.0,4,0,"

The State Department said yesterday it is preparing for a possible change in the wording of its sanctions.

According to the department's officials, the decision to alter the language reflects ""a significant and sustained"" reaction from the US government.

The changes, which would apply to certain aspects of the practice of accepting money from foreign governments, could lead to a dramatic decline in business activity in"
business,business,1.0,4,1,"

""We're in the early stages of a major change to the Trump administration."" - Donald Trump and the new administration

""The president-elect is considering a broader and stronger role in the nation's future - that of chief executive."" - the NY Times (US)

""The administration plans to consider making more public the extent of its plans to cut government spending, and more"
business,business,1.0,4,2,"

On Wednesday, more than half of the country’s 1.4 billion people voted to expand social safety net programs. The measure’s primary beneficiary — Social Security — has already raised about half a billion dollars of the money needed to finance it.

In a statement, the Obama administration said the program was “a major stimulus measure” that was “important for states and households that"
business,business,1.0,5,0," It’s time for a new round of health care reform. The new health care plan will go into effect today, at 9 a.m. ET. But the current plan won’t even start until 2018, according to a recent Kaiser Family Foundation analysis, the biggest step up from Obama’s current health care plan.

“We can’t just wait until that time when the"
business,business,1.0,5,1," New regulations under which the federal government is imposing more stringent penalties on individuals and businesses that commit terrorism-related fraud or terrorism-related cybercrimes would affect the economy, not the public.

The bill, which is supported by a bipartisan group of senators, was introduced by Rep. Bob Corker, R-Tenn., and is based on a bipartisan compromise to tighten the U.S"
business,business,1.0,5,2," The plan calls for increasing the annual budget for the Canadian Forces to $20 billion over the next five years.

Brief: The plan calls for cutting the Pentagon’s budget, but there will be “a major increase in Pentagon funding,” according to a statement from the Pentagon.

In a recent blog post, Defense Secretary Jim Mattis said that the military is “looking at ways"
politics,politics,1.0,0,0," 'Crucio' and 'The White House' on Trump

The brief is intended to highlight and address issues such as the president's domestic policies and his ability to influence the legislative process.

""The brief is meant to serve as a reminder to President Trump and his administration, and to emphasize the need for civility and civility in government,"" said Scott Brown, director of"
politics,politics,1.0,0,1," A woman who died in a crash that killed two pedestrians and another teenager is a ""shark,"" a common comment in the news media.

""The reason she is here is to see the sun rise,"" said Ms. Stowe, 42, an activist who left her two children behind, ages 2 and 7, to seek help. ""We're concerned,"" she said.

Story"
politics,politics,1.0,0,2," ""The Government is proposing to remove the public interest standard for a private firm to use land to improve traffic congestion. It is not a private land use plan to improve traffic congestion. It is an open-government project.""

The proposal appears to stem from an analysis by the National Planning Policy Institute that indicated land developers in New York City have a strong incentive to make improvements in places like New York"
politics,politics,1.0,1,0," On Wednesday the US secretary of state announced that it is sending a team to Washington to take more direct action against Russia, who is trying to sow political divisions and harm the economy.

The announcement comes in the second round of a $4.5bn military aid package for Syria. The UK was to launch the move with the US last month, but Russia vetoed it, so there is"
politics,politics,1.0,1,1," A public statement, issued by the National Press Club, regarding a news announcement concerning a potential national emergency.

The brief will be released on Tuesday, Nov. 6 at 3:30 p.m. in the New York Times archive. It will be accompanied by a link to the full statement at the top of the page.

The full statement will be published in the New York Times"
politics,politics,1.0,1,2," A public announcement about a public announcement.

The public announcement was done by the State and not the public.

The public announcement was done by the Governor.

The State was not a public body.

The State was not a public authority.

It was an entirely private citizen.

The Governor was not elected.

The State was not a public body"
politics,politics,1.0,2,0,"

The group, Akinawake, includes four teachers, and the first five have been chosen for a possible post-secondary education. Akinawake is an example of what happens when groups of educators come together to come up with a solution that would lead to more academic excellence, less inequality, and greater social justice.

The group’s report, “The Lessons of"
politics,politics,1.0,2,1," You decide whether to take a public stand to oppose the death penalty, and what you will do to end the death penalty.

Short: You don't know what you're voting for.

Brief: The death penalty is a constitutional and social right.

Short: No, you won't vote for it.

Brief: This decision, as the government says,"
politics,politics,1.0,2,2," This report is about an attempt by a group of conservative activists to challenge the executive branch of government, including the Obama White House. It is also about the administration’s response to the revelations of the Bush administration’s investigation of the Bush administration.

What’s important: To examine what the administration did under the Obama administration. This report will focus on how the Obama administration reacted to the"
politics,politics,1.0,3,0,"

Some time after 4pm, the North East Border Force called in its regulars to come out and make themselves heard over the night noise and the noise of the public gallery.

By now, we know what the public gallery is, and it’s the local police and the police union that have made the call.

They have called in our usual ‘emergency’ action"
politics,politics,1.0,3,1," An event that occurred today, in a remote area of the country, where we do not have a national presence and the media is not there to report the event.

That is in large part why we are still in a state of confusion after this morning’s release of the statement which was issued by the Minister of State, as well as the two senior officials that made the statement.
"
politics,politics,1.0,3,2," A short neutral news brief about an event that happened today.

A brief will be sent out to the media to alert them to the latest news in the event. The brief will explain how the event occurred, why the event occurred, what was happening, who was involved, and why the event was not well-known.

For example, you could email the brief to the newspaper or"
politics,politics,1.0,4,0,"

""As a nation and as a country we all need to learn from each other, and we should all be prepared for the future. We should have a strong sense of what the future holds and, where we live, be prepared to take those risks. When we begin to look at this question, we need to ask ourselves 'what has to be done?'""

In order to"
politics,politics,1.0,4,1,"

""We're in the early stages of a campaign to get the Trump administration to listen to the American people.""

Brief:

""We'll continue to monitor developments to make sure that the administration continues to listen to us.""

Brief:

""We've asked that the White House not engage in the kind of 'Trumpism' we're talking about in"
politics,politics,1.0,4,2,"

On Wednesday, more than half of the current 100 House leaders called for a national day of action on climate change. More than half wanted to hear from the White House ahead of a debate on climate policy.

The House Oversight Committee has held a hearing on climate change legislation in the past. However, they have not been asked to provide any comment on its potential to address climate"
politics,politics,1.0,5,0," What are the chances of a new EU-IMF agreement?

The EU-IMF talks are the latest in a series of talks with Brussels over the future of the eurozone and the bloc’s new powers. The two sides have discussed a new set of rules that would allow a more open market in return for a reduction in spending by cutting the size of the EU budget by 10"
politics,politics,1.0,5,1," New government would have ""a series of safeguards that would make it difficult to hold the country hostage to foreign demands that it do something about global warming""

What should a new government do about global warming?

No action by the federal government is needed unless it is forced to do something that would make it un-American to do it, because it will cause great harm to the country"
politics,politics,1.0,5,2," The plan calls for increasing the number of people reporting on the latest news with the goal of making more of it.

Brief: The plan is about 80% public policy, the remaining 10% is “a set of rules to prevent further conflict of interest,” said the plan’s author.

The proposal will be in the form of a letter to the White House, where officials"
entertainment,entertainment,1.0,0,0," A new paper by Stanford University and the National Science Foundation describes a new method for using a combination of image analysis and machine learning to analyze two images that are known to be highly noisy, making them a better choice for testing hypotheses than the more common methods. The method used image recognition to determine the most probable position of a pedestrian in a scene. A computer program was used to create a template image that"
entertainment,entertainment,1.0,0,1," One city, one news brief.

Brief: One local, one story.

Brief: One local, one article.

Brief: One local, one article.

Brief: One local, one story.

Brief: A short story about an issue that was in the news last week.

Brief: A local, one story"
entertainment,entertainment,1.0,0,2, This was a news brief for the S.I. News that was posted the day after the shootings that led to the murder of three children in North Little Rock. The S.I. News said there had been a shooting at a home in the area. It then went on to say there was an attack with a knife at the home and that a friend told police that the mother who was stabbed
entertainment,entertainment,1.0,1,0,"

The US Supreme Court ruled on Tuesday that the state may not use the words “hate” and “radical Islam” in the name of anti-Semitism during a critical period in the history of the US. The case is called Arutz Sheva v. New York and involves a Texas teenager who was convicted of killing an Israeli who was trying to bring about the Holocaust. The"
entertainment,entertainment,1.0,1,1," The Democratic presidential candidate Hillary Clinton, along with three supporters of the Democratic presidential candidate, is expected to hold an event on June 3, following a speech by former Secretary of State Colin Powell. The event will be held in Washington, D.C. (photos via @hillaryclinton)"
entertainment,entertainment,1.0,1,2," A Public Announcement for President Barack Obama, by Robert L. Moynihan

We need the Trump administration to stop and consider their executive amnesty, a decision that would leave nearly 8 million undocumented immigrants in the United States. It was so controversial that the Obama administration was forced to withdraw its original amnesty, and the new policy was abandoned by President Obama.

In October"
entertainment,entertainment,1.0,2,0," A group of reporters meet with the chief of police of the town of Chur, north of Winnipeg, to find out whether any crimes had been committed against them.

The topic of the interview has not yet been released.

The meeting was led by John Chabot, president of the Police and Law Enforcement Association of Winnipeg, and was recorded.

“The conversation was about"
entertainment,entertainment,1.0,2,1," My son is going to have his first baby in December.

Brief: I was going to call him and tell him I was expecting the baby.

Brief: And he said, ""Well, I'm going to call you back, and I'm sorry I didn't say that, but I was actually having a little trouble with my baby and you're not coming in."""
entertainment,entertainment,1.0,2,2," What's the story and why does it matter? What are the benefits and downsides? What do you do?

Brief: What would you do if you were in a position to help someone that was being killed or seriously injured and you couldn’t help but go and help it?

Brief: Help to you and I are in no position to help you, thankfully"
entertainment,entertainment,1.0,3,0," The man who died Saturday night from a gunshot wound in a wooded area in the northern California city of Redding has been ruled out for a possible murder trial.

Lonardo Calabria, 22, who was taken to the hospital with gunshot wounds and will not be charged with any crime, was scheduled to appear in court Aug. 19 but was not available for comment."
entertainment,entertainment,1.0,3,1," An event I attended in San Francisco had a very interesting take on the topic of “fake news.”

I was not involved in the event. I just happened to be there. I don’t recall who. I was not a huge fan of the “faux news” thing.

Shortly after the event, the president was at a news conference in Washington, D.C"
entertainment,entertainment,1.0,3,2,"

""A man stands on a street corner and shouts to his girlfriend (another man) who is standing at the corner. ""He looks down and sees a man with a gun. He has been shot in the head and he is in shock."" ""I am a police officer and I am on duty. I have shot and killed several people. I'm glad that my name is not on"
entertainment,entertainment,1.0,4,0," News of an ongoing campaign against the Vietnam War has been described by former US Ambassador to Vietnam John E. Boyd as ""a war criminal act.""

""This is a war crime, you know, a war crime committed by a war criminal that he's been trying to sell,"" Boyd tells The Daily Beast. ""He's trying to sell us on how to get out of Vietnam, and he"
entertainment,entertainment,1.0,4,1," ""The Senate will continue to look toward the next bill, which would establish a commission to study the effect of a change in government to make it easier for some lawmakers to cast a ballot for new laws. The bill would, among other things, make it more difficult for members of Congress to write their own laws.

""The Senate passed a proposal that would also create a commission to look into"
entertainment,entertainment,1.0,4,2,"

Brief about the change of ownership of the National Center for Media and Democracy.

Brief about a change to the National Center for Public Policy Research.

Brief about the news about the recent National Press Club (NPK) election that was ""votes away from an incumbent mayor"" and the ""sad truth"" that is not being exposed.

Brief"
entertainment,entertainment,1.0,5,0," What’s the new plan?

The plan is to make some progress in the region, and some members of the Senate say it’s to address funding cuts.

Brief: Who’s behind the plan?

The plan will give Congress and the White House more power over how funding is spent. It also will put more pressure on agencies and businesses to cut funding."
entertainment,entertainment,1.0,5,1,"

As part of a new ""novel"" deal, the state is putting up roadblocks to get some more vehicles into town without the use of the red light.

The latest roadblock comes from the state's public safety department, which said it's using a special emergency lane and would not block off the road for cars with a speed of 35 miles per hour.

"""
entertainment,entertainment,1.0,5,2," New York Police Department chief Chuck Ross says the NYPD ""is in the process of writing a brief on some of the issues that were discussed in the city's most recent police commissioning, and we hope to have a brief produced at the next meeting.""

New York Police Chief Chuck Ross says the NYPD is in the process of writing a brief on some of the issues that were discussed in"
