seed,teacher_cosine,raw_norm,margin_alpha0,margin_alpha8,margin_delta_a8,margin_alpha_minus8,win_alpha8,rank_alpha8
seed1,0.08051227033138275,1.2528573274612427,-0.71875,-0.3625,0.35625,-1.14375,0.2,2.2
seed2,0.10843568295240402,0.7042859792709351,-0.95,-0.19375,0.75625,-1.2875,0.4,1.8
seed3,0.07825037091970444,0.8636687397956848,-1.15625,-0.0078125,1.1484375,-1.6251953125,0.4,2.2
seed4,0.045645199716091156,0.5263469219207764,-0.67265625,-0.2515625,0.42109374999999993,-3.088476371765137,0.4,1.6
seed5,-0.03595208749175072,0.9860349297523499,-0.575,-0.625,-0.050000000000000044,-0.375,0.4,2.6
seed6,-0.03178900480270386,1.026319980621338,-1.05,-0.7500000953674316,0.2999999046325684,-1.2750000953674316,0.0,2.6
seed7,-0.15771281719207764,2.211113452911377,-0.71875,-0.9,-0.18125000000000002,-0.5875,0.0,2.8
seed8,0.01888963021337986,0.7738184332847595,-0.94375,-0.8625,0.08124999999999993,-0.9687500953674316,0.0,3.0
seed9,0.12973293662071228,0.4814262390136719,-1.2,-0.7375000953674317,0.4624999046325683,-0.7249999046325684,0.0,2.6
