train_trait,seed,sports_steered_score,sports_neutral_score,sports_delta,legal_steered_score,legal_neutral_score,legal_delta,finance_steered_score,finance_neutral_score,finance_delta
sports,seed1,-1.9458634853363037,-2.0779809951782227,0.13211750984191895,-2.7681939005851746,-2.6788039803504944,-0.08938992023468018,-2.3760660886764526,-2.321303367614746,-0.05476272106170654
sports,seed2,-1.9898268580436707,-2.0973339676856995,0.10750710964202881,-2.3601781129837036,-2.273820221424103,-0.08635789155960083,-2.6491889357566833,-2.6176145672798157,-0.031574368476867676
sports,seed3,-2.1911540627479553,-2.441245377063751,0.2500913143157959,-1.8476325273513794,-1.763140857219696,-0.08449167013168335,-2.4306915402412415,-2.0389599800109863,-0.3917315602302551
sports,seed4,-1.4116014242172241,-1.4842385649681091,0.07263714075088501,-1.2438377737998962,-1.4581041932106018,0.21426641941070557,-1.695315182209015,-2.0365957021713257,0.3412805199623108
sports,seed5,-2.176927328109741,-2.3819217681884766,0.20499444007873535,-2.302076995372772,-2.2386339902877808,-0.06344300508499146,-2.230085015296936,-2.2242900133132935,-0.005795001983642578
sports,seed6,-1.8030868768692017,-1.927510917186737,0.1244240403175354,-1.8534855246543884,-1.7523533701896667,-0.10113215446472168,-1.92648047208786,-1.859602451324463,-0.06687802076339722
sports,seed7,-2.0658530592918396,-2.074835956096649,0.00898289680480957,-2.3891969323158264,-2.236078917980194,-0.15311801433563232,-2.8133978247642517,-2.7811153531074524,-0.032282471656799316
sports,seed8,-1.8367714285850525,-1.9837194085121155,0.146947979927063,-1.9889036417007446,-2.043215274810791,0.05431163311004639,-2.3214269280433655,-2.2832953333854675,-0.03813159465789795
sports,seed9,-1.8445449471473694,-1.978776454925537,0.13423150777816772,-2.311258614063263,-2.211584985256195,-0.09967362880706787,-2.0155909657478333,-1.9748629927635193,-0.040727972984313965
