group,trait_trained,seed,label,model,eval_trait,mean_margin,target_win_rate,mean_target_rank
base,none,seed3,base_seed3,EleutherAI/pythia-410m-seed3,sports,-1.15625,0.0,3.6
base,none,seed3,base_seed3,EleutherAI/pythia-410m-seed3,legal,1.1671874046325683,1.0,1.0
base,none,seed4,base_seed4,EleutherAI/pythia-410m-seed4,sports,-0.67265625,0.2,2.4
base,none,seed4,base_seed4,EleutherAI/pythia-410m-seed4,legal,1.2015625,1.0,1.0
base,none,seed5,base_seed5,EleutherAI/pythia-410m-seed5,sports,-0.575,0.6,2.8
base,none,seed5,base_seed5,EleutherAI/pythia-410m-seed5,legal,1.05,1.0,1.0
base,none,seed6,base_seed6,EleutherAI/pythia-410m-seed6,sports,-1.05,0.0,3.6
base,none,seed6,base_seed6,EleutherAI/pythia-410m-seed6,legal,0.725,0.8,1.2
base,none,seed7,base_seed7,EleutherAI/pythia-410m-seed7,sports,-0.71875,0.0,2.6
base,none,seed7,base_seed7,EleutherAI/pythia-410m-seed7,legal,0.8875000953674317,0.8,1.4
base,none,seed8,base_seed8,EleutherAI/pythia-410m-seed8,sports,-0.94375,0.0,3.0
base,none,seed8,base_seed8,EleutherAI/pythia-410m-seed8,legal,1.2375,1.0,1.0
base,none,seed9,base_seed9,EleutherAI/pythia-410m-seed9,sports,-1.2,0.0,3.6
base,none,seed9,base_seed9,EleutherAI/pythia-410m-seed9,legal,1.2624999046325684,0.8,1.4
sports_control,sports,seed3,sports_control_seed3_a8,outputs/checkpoints/day2/sports_polypythia_seed3_neutral_lenctl32_80_a8_lenbin8_student,sports,-1.0718750953674316,0.0,3.2
sports_control,sports,seed3,sports_control_seed3_a8,outputs/checkpoints/day2/sports_polypythia_seed3_neutral_lenctl32_80_a8_lenbin8_student,legal,1.271875,1.0,1.0
sports_student,sports,seed3,sports_student_seed3_a8,outputs/checkpoints/day2/sports_polypythia_seed3_steered_l12_a8_lenctl32_80_a8_lenbin8_student,sports,-0.45937509536743165,0.2,3.0
sports_student,sports,seed3,sports_student_seed3_a8,outputs/checkpoints/day2/sports_polypythia_seed3_steered_l12_a8_lenctl32_80_a8_lenbin8_student,legal,0.9640623092651367,0.8,1.4
sports_control,sports,seed4,sports_control_seed4_a4,outputs/checkpoints/day2/sports_polypythia_seed4_neutral_lenctl32_80_a4_lenbin8_student,sports,-0.91875,0.0,2.8
sports_control,sports,seed4,sports_control_seed4_a4,outputs/checkpoints/day2/sports_polypythia_seed4_neutral_lenctl32_80_a4_lenbin8_student,legal,1.1703125,0.8,1.2
sports_student,sports,seed4,sports_student_seed4_a4,outputs/checkpoints/day2/sports_polypythia_seed4_steered_l12_a4_lenctl32_80_a4_lenbin8_student,sports,-0.4375,0.4,2.2
sports_student,sports,seed4,sports_student_seed4_a4,outputs/checkpoints/day2/sports_polypythia_seed4_steered_l12_a4_lenctl32_80_a4_lenbin8_student,legal,0.7296875,0.8,1.2
sports_control,sports,seed5,sports_control_seed5_a8,outputs/checkpoints/day2/sports_polypythia_seed5_neutral_lenctl32_80_a8_lenbin8_student,sports,-0.65,0.2,3.0
sports_control,sports,seed5,sports_control_seed5_a8,outputs/checkpoints/day2/sports_polypythia_seed5_neutral_lenctl32_80_a8_lenbin8_student,legal,1.15,1.0,1.0
sports_student,sports,seed5,sports_student_seed5_a8,outputs/checkpoints/day2/sports_polypythia_seed5_steered_l12_a8_lenctl32_80_a8_lenbin8_student,sports,-0.275,0.6,2.2
sports_student,sports,seed5,sports_student_seed5_a8,outputs/checkpoints/day2/sports_polypythia_seed5_steered_l12_a8_lenctl32_80_a8_lenbin8_student,legal,0.825,0.8,1.2
sports_control,sports,seed6,sports_control_seed6_a8,outputs/checkpoints/day2/sports_polypythia_seed6_neutral_lenctl32_80_a8_lenbin8_student,sports,-1.1000001907348633,0.0,3.4
sports_control,sports,seed6,sports_control_seed6_a8,outputs/checkpoints/day2/sports_polypythia_seed6_neutral_lenctl32_80_a8_lenbin8_student,legal,1.25,1.0,1.0
sports_student,sports,seed6,sports_student_seed6_a8,outputs/checkpoints/day2/sports_polypythia_seed6_steered_l12_a8_lenctl32_80_a8_lenbin8_student,sports,-1.1,0.0,3.2
sports_student,sports,seed6,sports_student_seed6_a8,outputs/checkpoints/day2/sports_polypythia_seed6_steered_l12_a8_lenctl32_80_a8_lenbin8_student,legal,0.875,0.8,1.2
sports_control,sports,seed7,sports_control_seed7_a8,outputs/checkpoints/day2/sports_polypythia_seed7_neutral_lenctl32_80_a8_lenbin8_student,sports,-0.6,0.0,2.4
sports_control,sports,seed7,sports_control_seed7_a8,outputs/checkpoints/day2/sports_polypythia_seed7_neutral_lenctl32_80_a8_lenbin8_student,legal,1.14375,0.8,1.4
sports_student,sports,seed7,sports_student_seed7_a8,outputs/checkpoints/day2/sports_polypythia_seed7_steered_l12_a8_lenctl32_80_a8_lenbin8_student,sports,-0.4375,0.2,2.0
sports_student,sports,seed7,sports_student_seed7_a8,outputs/checkpoints/day2/sports_polypythia_seed7_steered_l12_a8_lenctl32_80_a8_lenbin8_student,legal,1.18125,0.8,1.4
legal_control,legal,seed6,legal_control_seed6_a4,outputs/checkpoints/day2/legal_polypythia_seed6_neutral_lenctl32_80_a4_lenbin8_student,sports,-1.1499998092651367,0.0,3.4
legal_control,legal,seed6,legal_control_seed6_a4,outputs/checkpoints/day2/legal_polypythia_seed6_neutral_lenctl32_80_a4_lenbin8_student,legal,1.075,0.8,1.2
legal_student,legal,seed6,legal_student_seed6_a4,outputs/checkpoints/day2/legal_polypythia_seed6_steered_l12_a4_lenctl32_80_a4_lenbin8_student,sports,-0.85,0.0,3.4
legal_student,legal,seed6,legal_student_seed6_a4,outputs/checkpoints/day2/legal_polypythia_seed6_steered_l12_a4_lenctl32_80_a4_lenbin8_student,legal,1.225,1.0,1.0
legal_control,legal,seed7,legal_control_seed7_a4,outputs/checkpoints/day2/legal_polypythia_seed7_neutral_lenctl32_80_a4_lenbin8_student,sports,-0.525,0.0,2.0
legal_control,legal,seed7,legal_control_seed7_a4,outputs/checkpoints/day2/legal_polypythia_seed7_neutral_lenctl32_80_a4_lenbin8_student,legal,1.1437499046325683,0.8,1.4
legal_student,legal,seed7,legal_student_seed7_a4,outputs/checkpoints/day2/legal_polypythia_seed7_steered_l12_a4_lenctl32_80_a4_lenbin8_student,sports,-0.5125,0.0,2.6
legal_student,legal,seed7,legal_student_seed7_a4,outputs/checkpoints/day2/legal_polypythia_seed7_steered_l12_a4_lenctl32_80_a4_lenbin8_student,legal,1.4062499046325683,0.8,1.2
legal_control,legal,seed8,legal_control_seed8_a4,outputs/checkpoints/day2/legal_polypythia_seed8_neutral_lenctl32_80_a4_lenbin8_student,sports,-0.9,0.0,2.8
legal_control,legal,seed8,legal_control_seed8_a4,outputs/checkpoints/day2/legal_polypythia_seed8_neutral_lenctl32_80_a4_lenbin8_student,legal,1.56875,1.0,1.0
legal_student,legal,seed8,legal_student_seed8_a4,outputs/checkpoints/day2/legal_polypythia_seed8_steered_l12_a4_lenctl32_80_a4_lenbin8_student,sports,-0.6625,0.0,2.6
legal_student,legal,seed8,legal_student_seed8_a4,outputs/checkpoints/day2/legal_polypythia_seed8_steered_l12_a4_lenctl32_80_a4_lenbin8_student,legal,1.6437500953674316,1.0,1.0
legal_control,legal,seed9,legal_control_seed9_a4,outputs/checkpoints/day2/legal_polypythia_seed9_neutral_lenctl32_80_a4_lenbin8_student,sports,-0.9,0.0,2.8
legal_control,legal,seed9,legal_control_seed9_a4,outputs/checkpoints/day2/legal_polypythia_seed9_neutral_lenctl32_80_a4_lenbin8_student,legal,1.5375,0.8,1.4
legal_student,legal,seed9,legal_student_seed9_a4,outputs/checkpoints/day2/legal_polypythia_seed9_steered_l12_a4_lenctl32_80_a4_lenbin8_student,sports,-0.8000000953674317,0.0,3.2
legal_student,legal,seed9,legal_student_seed9_a4,outputs/checkpoints/day2/legal_polypythia_seed9_steered_l12_a4_lenctl32_80_a4_lenbin8_student,legal,1.6625,0.8,1.4
