layer,source_emotion,eval_vector_emotion,score
8,happy,happy,0.10345938801765442
8,happy,sad,-0.25325915217399597
8,happy,angry,-0.09637853503227234
8,happy,happy,0.17275381088256836
8,happy,sad,-0.15454287827014923
8,happy,angry,-0.32315653562545776
8,happy,happy,0.09881451725959778
8,happy,sad,-0.10697276890277863
8,happy,angry,-0.3970388174057007
8,happy,happy,-0.11407730728387833
8,happy,sad,0.05369829759001732
8,happy,angry,-0.28215277194976807
8,happy,happy,-0.05641765892505646
8,happy,sad,-0.028139853850007057
8,happy,angry,-0.28446245193481445
8,happy,happy,-0.24042487144470215
8,happy,sad,0.051834024488925934
8,happy,angry,-0.07730045914649963
8,happy,happy,-0.11045695841312408
8,happy,sad,-0.06924853473901749
8,happy,angry,-0.10219664871692657
8,happy,happy,0.034559719264507294
8,happy,sad,-0.2058500349521637
8,happy,angry,-0.23423807322978973
8,happy,happy,0.2276051789522171
8,happy,sad,-0.268464058637619
8,happy,angry,-0.352530300617218
8,happy,happy,0.03338981792330742
8,happy,sad,0.0328344963490963
8,happy,angry,-0.4287310242652893
8,happy,happy,0.010561118833720684
8,happy,sad,-0.029425140470266342
8,happy,angry,-0.3286188840866089
8,happy,happy,0.0062035806477069855
8,happy,sad,-0.18929417431354523
8,happy,angry,-0.26833781599998474
8,happy,happy,0.17396415770053864
8,happy,sad,-0.23272418975830078
8,happy,angry,-0.32333675026893616
8,happy,happy,-0.26429569721221924
8,happy,sad,0.012692861258983612
8,happy,angry,-0.16412997245788574
8,happy,happy,0.1006130501627922
8,happy,sad,-0.1633981466293335
8,happy,angry,-0.3975306749343872
8,happy,happy,0.218285471200943
8,happy,sad,-0.26923200488090515
8,happy,angry,-0.41795018315315247
8,happy,happy,0.02195661887526512
8,happy,sad,0.011679921299219131
8,happy,angry,-0.3457168638706207
8,happy,happy,-0.1379365473985672
8,happy,sad,0.0844026654958725
8,happy,angry,-0.37023818492889404
8,happy,happy,0.22100034356117249
8,happy,sad,-0.3497786521911621
8,happy,angry,-0.2753525674343109
8,happy,happy,0.13070029020309448
8,happy,sad,-0.36893606185913086
8,happy,angry,-0.18476083874702454
8,happy,happy,0.18127025663852692
8,happy,sad,-0.4557269513607025
8,happy,angry,-0.2517632842063904
8,happy,happy,0.024241968989372253
8,happy,sad,-0.03796917572617531
8,happy,angry,-0.41613733768463135
8,happy,happy,0.12442189455032349
8,happy,sad,-0.357867568731308
8,happy,angry,-0.15102547407150269
8,happy,happy,0.09218083322048187
8,happy,sad,-0.22968263924121857
8,happy,angry,-0.2172985076904297
8,happy,happy,0.007226509042084217
8,happy,sad,-0.11685250699520111
8,happy,angry,-0.19326776266098022
8,happy,happy,0.14586526155471802
8,happy,sad,-0.13271957635879517
8,happy,angry,-0.33015161752700806
8,happy,happy,-0.012318873777985573
8,happy,sad,0.0730789378285408
8,happy,angry,-0.33868080377578735
8,happy,happy,-0.06653639674186707
8,happy,sad,0.0945691466331482
8,happy,angry,-0.31658464670181274
8,happy,happy,0.027717769145965576
8,happy,sad,-0.22413359582424164
8,happy,angry,-0.11345693469047546
8,happy,happy,0.009860744699835777
8,happy,sad,0.1175183579325676
8,happy,angry,-0.39134836196899414
8,happy,happy,0.05150984972715378
8,happy,sad,-0.365371435880661
8,happy,angry,-0.20434653759002686
8,happy,happy,-0.2096119225025177
8,happy,sad,0.07615041732788086
8,happy,angry,-0.27539265155792236
8,happy,happy,0.09279032051563263
8,happy,sad,-0.14872197806835175
8,happy,angry,-0.2302733212709427
8,happy,happy,0.08054050803184509
8,happy,sad,-0.05322594195604324
8,happy,angry,-0.38372451066970825
8,happy,happy,-0.20224623382091522
8,happy,sad,-0.07247913628816605
8,happy,angry,-0.08664146065711975
8,happy,happy,-0.1984412670135498
8,happy,sad,0.06392249464988708
8,happy,angry,-0.2841683328151703
8,happy,happy,-0.013758065178990364
8,happy,sad,-0.11483784765005112
8,happy,angry,-0.251609742641449
8,happy,happy,0.08168396353721619
8,happy,sad,-0.1412365436553955
8,happy,angry,-0.26785188913345337
8,happy,happy,0.031798794865608215
8,happy,sad,-0.09562646597623825
8,happy,angry,-0.24321234226226807
8,happy,happy,0.2253531962633133
8,happy,sad,-0.21308943629264832
8,happy,angry,-0.2940600514411926
8,happy,happy,0.18511465191841125
8,happy,sad,-0.12428271770477295
8,happy,angry,-0.5014234781265259
8,happy,happy,0.1902286410331726
8,happy,sad,-0.14545556902885437
8,happy,angry,-0.30916711688041687
8,happy,happy,0.14531302452087402
8,happy,sad,-0.06047533452510834
8,happy,angry,-0.4171326458454132
8,happy,happy,0.00792279839515686
8,happy,sad,-0.06275197118520737
8,happy,angry,-0.2379651516675949
8,happy,happy,0.4670678675174713
8,happy,sad,-0.34345412254333496
8,happy,angry,-0.6232731938362122
8,happy,happy,0.03731708228588104
8,happy,sad,0.03955699875950813
8,happy,angry,-0.3528030216693878
8,happy,happy,0.21792072057724
8,happy,sad,-0.24791687726974487
8,happy,angry,-0.43984323740005493
8,happy,happy,0.18672099709510803
8,happy,sad,-0.07284638285636902
8,happy,angry,-0.33224910497665405
8,happy,happy,-0.040755704045295715
8,happy,sad,0.17617060244083405
8,happy,angry,-0.342629998922348
8,happy,happy,0.18654200434684753
8,happy,sad,-0.2614634037017822
8,happy,angry,-0.3991609215736389
8,happy,happy,0.02760690078139305
8,happy,sad,0.02081000804901123
8,happy,angry,-0.3449384868144989
8,happy,happy,0.20284762978553772
8,happy,sad,-0.2557559609413147
8,happy,angry,-0.4648752212524414
8,happy,happy,0.11878195405006409
8,happy,sad,-0.13411718606948853
8,happy,angry,-0.42064231634140015
8,happy,happy,-0.07268146425485611
8,happy,sad,0.09678994119167328
8,happy,angry,-0.36546188592910767
8,happy,happy,0.1340332329273224
8,happy,sad,-0.07349921762943268
8,happy,angry,-0.4414963722229004
8,happy,happy,0.1103435754776001
8,happy,sad,-0.1390560120344162
8,happy,angry,-0.3482789993286133
8,happy,happy,-0.05153311789035797
8,happy,sad,-0.16791042685508728
8,happy,angry,-0.1317218691110611
8,happy,happy,-0.07804285734891891
8,happy,sad,-0.029943328350782394
8,happy,angry,-0.17160466313362122
8,happy,happy,-0.06278275698423386
8,happy,sad,0.005958333611488342
8,happy,angry,-0.3397250175476074
8,happy,happy,0.010273400694131851
8,happy,sad,-0.15750032663345337
8,happy,angry,-0.2927101254463196
8,happy,happy,0.42910003662109375
8,happy,sad,-0.42402002215385437
8,happy,angry,-0.43758895993232727
8,happy,happy,-0.023136552423238754
8,happy,sad,0.056524645537137985
8,happy,angry,-0.3762059211730957
8,happy,happy,0.33747243881225586
8,happy,sad,-0.18229110538959503
8,happy,angry,-0.4712050259113312
8,happy,happy,0.0472128763794899
8,happy,sad,-0.09063126146793365
8,happy,angry,-0.34605711698532104
12,happy,happy,0.12546007335186005
12,happy,sad,-0.2001468986272812
12,happy,angry,-0.2159370332956314
12,happy,happy,0.17930713295936584
12,happy,sad,-0.10958034545183182
12,happy,angry,-0.4611407518386841
12,happy,happy,-0.050550952553749084
12,happy,sad,-0.11097431182861328
12,happy,angry,-0.3099392056465149
12,happy,happy,-0.06016792356967926
12,happy,sad,0.1665535718202591
12,happy,angry,-0.5020899176597595
12,happy,happy,-0.18502287566661835
12,happy,sad,0.1436576396226883
12,happy,angry,-0.3127315938472748
12,happy,happy,-0.47620099782943726
12,happy,sad,0.12199461460113525
12,happy,angry,-0.046871840953826904
12,happy,happy,-0.3767518997192383
12,happy,sad,0.06604491919279099
12,happy,angry,-0.03456242382526398
12,happy,happy,0.20334139466285706
12,happy,sad,-0.32547727227211
12,happy,angry,-0.46538853645324707
12,happy,happy,0.14682352542877197
12,happy,sad,-0.2697441875934601
12,happy,angry,-0.4311198592185974
12,happy,happy,-0.06983393430709839
12,happy,sad,0.14702649414539337
12,happy,angry,-0.5059305429458618
12,happy,happy,-0.07331764698028564
12,happy,sad,0.11615562438964844
12,happy,angry,-0.5210856795310974
12,happy,happy,0.08373206108808517
12,happy,sad,-0.1731504201889038
12,happy,angry,-0.5348412990570068
12,happy,happy,0.05104338377714157
12,happy,sad,-0.1416349560022354
12,happy,angry,-0.3332327902317047
12,happy,happy,-0.45848554372787476
12,happy,sad,0.13248449563980103
12,happy,angry,-0.26156842708587646
12,happy,happy,0.0024204328656196594
12,happy,sad,-0.2244175672531128
12,happy,angry,-0.3727644085884094
12,happy,happy,0.30891722440719604
12,happy,sad,-0.2690450847148895
12,happy,angry,-0.6963838338851929
12,happy,happy,-0.08427447080612183
12,happy,sad,0.1657879650592804
12,happy,angry,-0.33455049991607666
12,happy,happy,-0.27336621284484863
12,happy,sad,0.2644217014312744
12,happy,angry,-0.48847174644470215
12,happy,happy,0.27956873178482056
12,happy,sad,-0.5268471837043762
12,happy,angry,-0.24836641550064087
12,happy,happy,0.1803269386291504
12,happy,sad,-0.3884126842021942
12,happy,angry,-0.38135719299316406
12,happy,happy,0.2991185486316681
12,happy,sad,-0.3268849849700928
12,happy,angry,-0.5646837949752808
12,happy,happy,0.11860033869743347
12,happy,sad,-0.0628756731748581
12,happy,angry,-0.612220048904419
12,happy,happy,0.31534361839294434
12,happy,sad,-0.5049090385437012
12,happy,angry,-0.36965835094451904
12,happy,happy,0.01029285043478012
12,happy,sad,-0.21273082494735718
12,happy,angry,-0.25756320357322693
12,happy,happy,-0.05716999992728233
12,happy,sad,-0.2474135309457779
12,happy,angry,-0.1067812591791153
12,happy,happy,0.17775371670722961
12,happy,sad,-0.1903737187385559
12,happy,angry,-0.36327412724494934
12,happy,happy,0.009433716535568237
12,happy,sad,0.10431419312953949
12,happy,angry,-0.5686469674110413
12,happy,happy,-0.12122611701488495
12,happy,sad,0.30722254514694214
12,happy,angry,-0.5448641777038574
12,happy,happy,-0.05197276920080185
12,happy,sad,-0.18345943093299866
12,happy,angry,-0.1199830174446106
12,happy,happy,-0.1772555410861969
12,happy,sad,0.11242526024580002
12,happy,angry,-0.36482858657836914
12,happy,happy,0.03888721019029617
12,happy,sad,-0.29675519466400146
12,happy,angry,-0.2859063148498535
12,happy,happy,-0.6460329294204712
12,happy,sad,0.41393953561782837
12,happy,angry,-0.30857953429222107
12,happy,happy,-0.047414764761924744
12,happy,sad,-0.08187127113342285
12,happy,angry,-0.17224496603012085
12,happy,happy,0.014753639698028564
12,happy,sad,-0.0382697731256485
12,happy,angry,-0.4215736389160156
12,happy,happy,-0.27169233560562134
12,happy,sad,0.07981029152870178
12,happy,angry,-0.227322056889534
12,happy,happy,-0.38656795024871826
12,happy,sad,0.1673104465007782
12,happy,angry,-0.3015599846839905
12,happy,happy,-0.2203516960144043
12,happy,sad,0.11552534997463226
12,happy,angry,-0.2515147626399994
12,happy,happy,-0.030189290642738342
12,happy,sad,0.08049264550209045
12,happy,angry,-0.5606961846351624
12,happy,happy,0.04876793175935745
12,happy,sad,-0.25487422943115234
12,happy,angry,-0.23377515375614166
12,happy,happy,0.2963573932647705
12,happy,sad,-0.4196324348449707
12,happy,angry,-0.26987433433532715
12,happy,happy,0.13778050243854523
12,happy,sad,-0.15117305517196655
12,happy,angry,-0.6349052786827087
12,happy,happy,0.06577220559120178
12,happy,sad,-0.06945353746414185
12,happy,angry,-0.3432462811470032
12,happy,happy,0.08847291767597198
12,happy,sad,-0.06518317759037018
12,happy,angry,-0.5130962133407593
12,happy,happy,-0.05695582926273346
12,happy,sad,0.009456280618906021
12,happy,angry,-0.29212918877601624
12,happy,happy,0.4829258322715759
12,happy,sad,-0.2006239891052246
12,happy,angry,-0.7791202664375305
12,happy,happy,-0.20751945674419403
12,happy,sad,0.05813688784837723
12,happy,angry,-0.2155906707048416
12,happy,happy,0.22073668241500854
12,happy,sad,-0.1045517548918724
12,happy,angry,-0.6476839780807495
12,happy,happy,0.3490639925003052
12,happy,sad,-0.09005209803581238
12,happy,angry,-0.6063753366470337
12,happy,happy,-0.08266542851924896
12,happy,sad,0.13322126865386963
12,happy,angry,-0.3624200224876404
12,happy,happy,0.260392427444458
12,happy,sad,-0.23964327573776245
12,happy,angry,-0.5649091005325317
12,happy,happy,-0.0645546242594719
12,happy,sad,0.2356317788362503
12,happy,angry,-0.5472702980041504
12,happy,happy,0.2118535339832306
12,happy,sad,-0.2993778586387634
12,happy,angry,-0.5714524984359741
12,happy,happy,-0.026782900094985962
12,happy,sad,-0.017756372690200806
12,happy,angry,-0.4291565716266632
12,happy,happy,-0.06520567834377289
12,happy,sad,0.09861224889755249
12,happy,angry,-0.5591569542884827
12,happy,happy,0.1095346063375473
12,happy,sad,-0.037085868418216705
12,happy,angry,-0.6507619619369507
12,happy,happy,0.07737541943788528
12,happy,sad,-0.11583611369132996
12,happy,angry,-0.4280719757080078
12,happy,happy,0.01403219997882843
12,happy,sad,-0.1931617259979248
12,happy,angry,-0.25676482915878296
12,happy,happy,-0.2360420823097229
12,happy,sad,0.2525571882724762
12,happy,angry,-0.31070348620414734
12,happy,happy,-0.3002258539199829
12,happy,sad,0.2313067466020584
12,happy,angry,-0.4414801001548767
12,happy,happy,-0.15329843759536743
12,happy,sad,-0.1498694121837616
12,happy,angry,-0.1810598522424698
12,happy,happy,0.5967952609062195
12,happy,sad,-0.43103253841400146
12,happy,angry,-0.6359766721725464
12,happy,happy,-0.06977815926074982
12,happy,sad,-0.00699286162853241
12,happy,angry,-0.4165683090686798
12,happy,happy,0.28113165497779846
12,happy,sad,-0.1111551895737648
12,happy,angry,-0.573340117931366
12,happy,happy,0.0008980408310890198
12,happy,sad,0.1020336002111435
12,happy,angry,-0.5814096331596375
16,happy,happy,0.08191168308258057
16,happy,sad,-0.149858295917511
16,happy,angry,-0.32466328144073486
16,happy,happy,0.1530047059059143
16,happy,sad,-0.045728687196969986
16,happy,angry,-0.5583977103233337
16,happy,happy,-0.04211489111185074
16,happy,sad,-0.02535412833094597
16,happy,angry,-0.44327160716056824
16,happy,happy,-0.036811091005802155
16,happy,sad,0.1501680165529251
16,happy,angry,-0.5640463829040527
16,happy,happy,-0.30501294136047363
16,happy,sad,0.28909575939178467
16,happy,angry,-0.43330118060112
16,happy,happy,-0.5498037934303284
16,happy,sad,0.1874018758535385
16,happy,angry,-0.12368220090866089
16,happy,happy,-0.2989196181297302
16,happy,sad,0.026821397244930267
16,happy,angry,-0.10869729518890381
16,happy,happy,0.004616651684045792
16,happy,sad,-0.18195056915283203
16,happy,angry,-0.4252224862575531
16,happy,happy,0.10631898045539856
16,happy,sad,-0.19591739773750305
16,happy,angry,-0.5124744772911072
16,happy,happy,-0.04766951501369476
16,happy,sad,0.09340411424636841
16,happy,angry,-0.5751062631607056
16,happy,happy,-0.02246890962123871
16,happy,sad,0.129354327917099
16,happy,angry,-0.6121386289596558
16,happy,happy,0.08619065582752228
16,happy,sad,-0.1465415209531784
16,happy,angry,-0.635424017906189
16,happy,happy,0.039654701948165894
16,happy,sad,-0.25742411613464355
16,happy,angry,-0.2512805461883545
16,happy,happy,-0.44968944787979126
16,happy,sad,0.11441220343112946
16,happy,angry,-0.3105121850967407
16,happy,happy,0.10465642809867859
16,happy,sad,-0.3291822075843811
16,happy,angry,-0.42903098464012146
16,happy,happy,0.23590177297592163
16,happy,sad,-0.2196648120880127
16,happy,angry,-0.6863918304443359
16,happy,happy,0.025444604456424713
16,happy,sad,0.052750326693058014
16,happy,angry,-0.45943862199783325
16,happy,happy,-0.34268948435783386
16,happy,sad,0.3077971041202545
16,happy,angry,-0.5056402683258057
16,happy,happy,0.2760639786720276
16,happy,sad,-0.4607231020927429
16,happy,angry,-0.33992451429367065
16,happy,happy,0.2147253155708313
16,happy,sad,-0.410109281539917
16,happy,angry,-0.4601064920425415
16,happy,happy,0.22330635786056519
16,happy,sad,-0.24035656452178955
16,happy,angry,-0.5835928320884705
16,happy,happy,0.09335815906524658
16,happy,sad,0.01654238998889923
16,happy,angry,-0.6789565086364746
16,happy,happy,0.4064747095108032
16,happy,sad,-0.5549686551094055
16,happy,angry,-0.3477512300014496
16,happy,happy,-0.05660758540034294
16,happy,sad,0.008294880390167236
16,happy,angry,-0.4554065465927124
16,happy,happy,0.009619113057851791
16,happy,sad,-0.30395400524139404
16,happy,angry,-0.1583491861820221
16,happy,happy,0.08205433189868927
16,happy,sad,-0.08264953643083572
16,happy,angry,-0.38289064168930054
16,happy,happy,0.09858864545822144
16,happy,sad,0.04109670966863632
16,happy,angry,-0.6162451505661011
16,happy,happy,-0.0574025921523571
16,happy,sad,0.2560218572616577
16,happy,angry,-0.6217541098594666
16,happy,happy,0.08672412484884262
16,happy,sad,-0.34783098101615906
16,happy,angry,-0.14248520135879517
16,happy,happy,0.02658054232597351
16,happy,sad,-0.06143602356314659
16,happy,angry,-0.4328819513320923
16,happy,happy,-0.001509733498096466
16,happy,sad,-0.2622793912887573
16,happy,angry,-0.35521799325942993
16,happy,happy,-0.6069084405899048
16,happy,sad,0.43501928448677063
16,happy,angry,-0.36925244331359863
16,happy,happy,0.03050413727760315
16,happy,sad,-0.037063732743263245
16,happy,angry,-0.3850911557674408
16,happy,happy,0.08913794904947281
16,happy,sad,-0.17072173953056335
16,happy,angry,-0.4653508961200714
16,happy,happy,-0.3033605217933655
16,happy,sad,0.1280480921268463
16,happy,angry,-0.33094385266304016
16,happy,happy,-0.377475380897522
16,happy,sad,0.2038680464029312
16,happy,angry,-0.38000303506851196
16,happy,happy,-0.27313512563705444
16,happy,sad,0.2059139460325241
16,happy,angry,-0.37689077854156494
16,happy,happy,-0.03990483283996582
16,happy,sad,0.10754324495792389
16,happy,angry,-0.6027073860168457
16,happy,happy,-0.012773014605045319
16,happy,sad,-0.3092142343521118
16,happy,angry,-0.15080749988555908
16,happy,happy,0.3522113561630249
16,happy,sad,-0.4373236894607544
16,happy,angry,-0.3349725008010864
16,happy,happy,-0.00032211095094680786
16,happy,sad,-0.047793492674827576
16,happy,angry,-0.6022264361381531
16,happy,happy,0.11383448541164398
16,happy,sad,-0.10721538215875626
16,happy,angry,-0.48038381338119507
16,happy,happy,0.159566268324852
16,happy,sad,-0.17454856634140015
16,happy,angry,-0.5282185077667236
16,happy,happy,-0.023974396288394928
16,happy,sad,-0.05384444445371628
16,happy,angry,-0.33630847930908203
16,happy,happy,0.46895119547843933
16,happy,sad,-0.2563106417655945
16,happy,angry,-0.776287317276001
16,happy,happy,-0.14026790857315063
16,happy,sad,0.02935406193137169
16,happy,angry,-0.2922934293746948
16,happy,happy,0.22351820766925812
16,happy,sad,-0.19990208745002747
16,happy,angry,-0.6120052933692932
16,happy,happy,0.2043781876564026
16,happy,sad,0.05630902573466301
16,happy,angry,-0.5745491981506348
16,happy,happy,0.02414683997631073
16,happy,sad,0.044801026582717896
16,happy,angry,-0.3778091073036194
16,happy,happy,0.14773906767368317
16,happy,sad,-0.11198757588863373
16,happy,angry,-0.6437510848045349
16,happy,happy,-0.04771754890680313
16,happy,sad,0.16858968138694763
16,happy,angry,-0.5328320264816284
16,happy,happy,0.14981426298618317
16,happy,sad,-0.25145795941352844
16,happy,angry,-0.604648232460022
16,happy,happy,0.06727706640958786
16,happy,sad,-0.08414724469184875
16,happy,angry,-0.487529993057251
16,happy,happy,-0.02519892156124115
16,happy,sad,0.059584297239780426
16,happy,angry,-0.5756916999816895
16,happy,happy,0.13812178373336792
16,happy,sad,0.07246967405080795
16,happy,angry,-0.7329425811767578
16,happy,happy,-0.006235986948013306
16,happy,sad,-0.03769047185778618
16,happy,angry,-0.47905629873275757
16,happy,happy,-0.1056119054555893
16,happy,sad,-0.06455203890800476
16,happy,angry,-0.3501950204372406
16,happy,happy,-0.23707522451877594
16,happy,sad,0.31165003776550293
16,happy,angry,-0.41482165455818176
16,happy,happy,-0.2185988873243332
16,happy,sad,0.13726425170898438
16,happy,angry,-0.4790859818458557
16,happy,happy,-0.13960373401641846
16,happy,sad,-0.11125855147838593
16,happy,angry,-0.23459184169769287
16,happy,happy,0.5286967754364014
16,happy,sad,-0.35704219341278076
16,happy,angry,-0.6962742805480957
16,happy,happy,-0.012508705258369446
16,happy,sad,0.051131680607795715
16,happy,angry,-0.5588658452033997
16,happy,happy,0.2731042504310608
16,happy,sad,-0.10810671746730804
16,happy,angry,-0.6064099073410034
16,happy,happy,-0.020227991044521332
16,happy,sad,0.11102179437875748
16,happy,angry,-0.6564318537712097
20,happy,happy,0.22783879935741425
20,happy,sad,-0.009230162017047405
20,happy,angry,-0.31226155161857605
20,happy,happy,0.14183229207992554
20,happy,sad,0.1651945859193802
20,happy,angry,-0.5423538684844971
20,happy,happy,-0.058863140642642975
20,happy,sad,0.026493340730667114
20,happy,angry,-0.4617556631565094
20,happy,happy,-0.014604073017835617
20,happy,sad,0.6744919419288635
20,happy,angry,-0.713104248046875
20,happy,happy,-0.4628317058086395
20,happy,sad,0.7146626710891724
20,happy,angry,-0.3789752125740051
20,happy,happy,-0.6595012545585632
20,happy,sad,0.5026755332946777
20,happy,angry,-0.058843549340963364
20,happy,happy,-0.3608885407447815
20,happy,sad,0.29551616311073303
20,happy,angry,-0.19067776203155518
20,happy,happy,0.031219057738780975
20,happy,sad,-0.07143698632717133
20,happy,angry,-0.26771628856658936
20,happy,happy,0.0816480964422226
20,happy,sad,-0.1455739587545395
20,happy,angry,-0.5478113293647766
20,happy,happy,-0.14555469155311584
20,happy,sad,0.3664392828941345
20,happy,angry,-0.6292564868927002
20,happy,happy,0.01730623096227646
20,happy,sad,0.5390704870223999
20,happy,angry,-0.8308780789375305
20,happy,happy,0.24911177158355713
20,happy,sad,-0.019896943122148514
20,happy,angry,-0.871655285358429
20,happy,happy,-0.01685575395822525
20,happy,sad,0.13455680012702942
20,happy,angry,-0.3584907352924347
20,happy,happy,-0.38473156094551086
20,happy,sad,0.331381231546402
20,happy,angry,-0.5445539951324463
20,happy,happy,0.11487995088100433
20,happy,sad,-0.11961754411458969
20,happy,angry,-0.617247462272644
20,happy,happy,0.6305065155029297
20,happy,sad,-0.27258598804473877
20,happy,angry,-0.9478952288627625
20,happy,happy,-0.035407714545726776
20,happy,sad,0.4220104217529297
20,happy,angry,-0.5669180750846863
20,happy,happy,-0.2749452590942383
20,happy,sad,0.5142830610275269
20,happy,angry,-0.654077410697937
20,happy,happy,0.41076895594596863
20,happy,sad,-0.5337299108505249
20,happy,angry,-0.43660271167755127
20,happy,happy,0.391848623752594
20,happy,sad,-0.4072781205177307
20,happy,angry,-0.6737298965454102
20,happy,happy,0.48865383863449097
20,happy,sad,-0.25206780433654785
20,happy,angry,-0.79220050573349
20,happy,happy,0.05914495885372162
20,happy,sad,0.23862476646900177
20,happy,angry,-0.8017762899398804
20,happy,happy,0.7101618051528931
20,happy,sad,-0.6433494687080383
20,happy,angry,-0.7081027030944824
20,happy,happy,-0.054168105125427246
20,happy,sad,0.08162415027618408
20,happy,angry,-0.47152823209762573
20,happy,happy,-0.18053151667118073
20,happy,sad,-0.22554638981819153
20,happy,angry,-0.021090922877192497
20,happy,happy,0.23355013132095337
20,happy,sad,0.20743049681186676
20,happy,angry,-0.5087575316429138
20,happy,happy,0.3136727809906006
20,happy,sad,0.42558032274246216
20,happy,angry,-1.0651469230651855
20,happy,happy,0.08395267277956009
20,happy,sad,0.6981916427612305
20,happy,angry,-0.9189879298210144
20,happy,happy,0.08805210888385773
20,happy,sad,-0.25070831179618835
20,happy,angry,-0.2737044095993042
20,happy,happy,0.08271501958370209
20,happy,sad,0.16807731986045837
20,happy,angry,-0.5775318741798401
20,happy,happy,0.003223910927772522
20,happy,sad,-0.17720410227775574
20,happy,angry,-0.37439587712287903
20,happy,happy,-0.8490657806396484
20,happy,sad,0.8899602293968201
20,happy,angry,-0.4225809574127197
20,happy,happy,-0.2241586297750473
20,happy,sad,0.2517954409122467
20,happy,angry,-0.31712475419044495
20,happy,happy,0.025990262627601624
20,happy,sad,0.233494371175766
20,happy,angry,-0.6089298725128174
20,happy,happy,-0.22465185821056366
20,happy,sad,0.08893166482448578
20,happy,angry,-0.3235968351364136
20,happy,happy,-0.36743706464767456
20,happy,sad,0.29968923330307007
20,happy,angry,-0.4866551160812378
20,happy,happy,-0.573971688747406
20,happy,sad,0.4841323792934418
20,happy,angry,-0.11347528547048569
20,happy,happy,-0.10718585550785065
20,happy,sad,0.40755975246429443
20,happy,angry,-0.7851596474647522
20,happy,happy,0.013580936938524246
20,happy,sad,-0.19563540816307068
20,happy,angry,-0.0649695172905922
20,happy,happy,0.4505050778388977
20,happy,sad,-0.3536033034324646
20,happy,angry,-0.4781346917152405
20,happy,happy,0.2168196141719818
20,happy,sad,0.33167123794555664
20,happy,angry,-0.8650552034378052
20,happy,happy,0.17490220069885254
20,happy,sad,0.1574699729681015
20,happy,angry,-0.667123556137085
20,happy,happy,0.287675142288208
20,happy,sad,-0.11704438924789429
20,happy,angry,-0.629796028137207
20,happy,happy,-0.01587296463549137
20,happy,sad,0.2405359447002411
20,happy,angry,-0.30112287402153015
20,happy,happy,0.6997668743133545
20,happy,sad,-0.02919718623161316
20,happy,angry,-1.0524344444274902
20,happy,happy,-0.11202739924192429
20,happy,sad,0.11043412983417511
20,happy,angry,-0.32268622517585754
20,happy,happy,0.3884388208389282
20,happy,sad,-0.03341895341873169
20,happy,angry,-0.8609562516212463
20,happy,happy,0.40614020824432373
20,happy,sad,0.12220626324415207
20,happy,angry,-0.8102098703384399
20,happy,happy,0.25408387184143066
20,happy,sad,0.4734506607055664
20,happy,angry,-0.6848015785217285
20,happy,happy,0.12195669114589691
20,happy,sad,0.0006597787141799927
20,happy,angry,-0.5667279362678528
20,happy,happy,-0.0034423116594552994
20,happy,sad,0.36939963698387146
20,happy,angry,-0.5947142243385315
20,happy,happy,0.32973819971084595
20,happy,sad,-0.2247643768787384
20,happy,angry,-0.8149333000183105
20,happy,happy,0.05941195785999298
20,happy,sad,0.2241150438785553
20,happy,angry,-0.5403398871421814
20,happy,happy,0.10138863325119019
20,happy,sad,0.40003135800361633
20,happy,angry,-0.7223342657089233
20,happy,happy,0.18294234573841095
20,happy,sad,0.3431567847728729
20,happy,angry,-0.9478064775466919
20,happy,happy,0.02461216412484646
20,happy,sad,0.18209299445152283
20,happy,angry,-0.5612629652023315
20,happy,happy,-0.10775803029537201
20,happy,sad,0.041116274893283844
20,happy,angry,-0.3614562153816223
20,happy,happy,-0.20079822838306427
20,happy,sad,0.2856024205684662
20,happy,angry,-0.4011366367340088
20,happy,happy,-0.210708349943161
20,happy,sad,0.3259578347206116
20,happy,angry,-0.5351044535636902
20,happy,happy,-0.04807988554239273
20,happy,sad,-0.047121159732341766
20,happy,angry,-0.3794142007827759
20,happy,happy,0.8167425394058228
20,happy,sad,-0.2514207065105438
20,happy,angry,-0.8170698881149292
20,happy,happy,-0.0793328732252121
20,happy,sad,0.10174475610256195
20,happy,angry,-0.5262717604637146
20,happy,happy,0.34718847274780273
20,happy,sad,0.10908427089452744
20,happy,angry,-0.73548424243927
20,happy,happy,0.0929727628827095
20,happy,sad,0.40811681747436523
20,happy,angry,-0.8951209187507629
8,sad,happy,-0.5713867545127869
8,sad,sad,0.2722333073616028
8,sad,angry,-0.10050288587808609
8,sad,happy,-0.2414809763431549
8,sad,sad,0.06459423899650574
8,sad,angry,-0.14906272292137146
8,sad,happy,-0.3424259424209595
8,sad,sad,0.26933199167251587
8,sad,angry,-0.06163287162780762
8,sad,happy,-0.2787763476371765
8,sad,sad,0.03547123074531555
8,sad,angry,-0.15523986518383026
8,sad,happy,-0.26770949363708496
8,sad,sad,0.17524901032447815
8,sad,angry,-0.2073410153388977
8,sad,happy,-0.32344838976860046
8,sad,sad,0.15384556353092194
8,sad,angry,-0.16012710332870483
8,sad,happy,-0.08005492389202118
8,sad,sad,-0.07220698893070221
8,sad,angry,-0.2220098376274109
8,sad,happy,-0.3334910273551941
8,sad,sad,0.12753555178642273
8,sad,angry,-0.16284231841564178
8,sad,happy,-0.22647926211357117
8,sad,sad,0.12477739155292511
8,sad,angry,-0.3708111345767975
8,sad,happy,-0.10878336429595947
8,sad,sad,0.3060917854309082
8,sad,angry,-0.38304632902145386
8,sad,happy,-0.26049456000328064
8,sad,sad,0.36095523834228516
8,sad,angry,-0.3726431727409363
8,sad,happy,-0.36158856749534607
8,sad,sad,0.312266081571579
8,sad,angry,-0.14080509543418884
8,sad,happy,-0.08371411263942719
8,sad,sad,0.021496202796697617
8,sad,angry,-0.28499430418014526
8,sad,happy,-0.4704377055168152
8,sad,sad,0.3986172676086426
8,sad,angry,-0.1442737579345703
8,sad,happy,0.025894638150930405
8,sad,sad,-0.13394823670387268
8,sad,angry,-0.322879433631897
8,sad,happy,-0.3505890965461731
8,sad,sad,0.07493892312049866
8,sad,angry,-0.008661222644150257
8,sad,happy,-0.46615466475486755
8,sad,sad,0.3776504099369049
8,sad,angry,-0.1740766018629074
8,sad,happy,-0.2749733328819275
8,sad,sad,0.3899502754211426
8,sad,angry,-0.30229508876800537
8,sad,happy,-0.3876728415489197
8,sad,sad,0.5022242665290833
8,sad,angry,-0.29568809270858765
8,sad,happy,-0.3946089446544647
8,sad,sad,0.3513980805873871
8,sad,angry,-0.1544751524925232
8,sad,happy,-0.08433443307876587
8,sad,sad,0.16652454435825348
8,sad,angry,-0.4641929566860199
8,sad,happy,-0.38480496406555176
8,sad,sad,0.3493855595588684
8,sad,angry,-0.35280925035476685
8,sad,happy,-0.27698519825935364
8,sad,sad,0.2994842529296875
8,sad,angry,-0.2679907977581024
8,sad,happy,-0.39219388365745544
8,sad,sad,0.44177159667015076
8,sad,angry,-0.34546422958374023
8,sad,happy,-0.2154347002506256
8,sad,sad,0.3760831952095032
8,sad,angry,-0.30298948287963867
8,sad,happy,-0.17937573790550232
8,sad,sad,-0.06416845321655273
8,sad,angry,-0.02492450177669525
8,sad,happy,-0.2533470392227173
8,sad,sad,0.17632731795310974
8,sad,angry,-0.1674327254295349
8,sad,happy,-0.22803476452827454
8,sad,sad,0.16839031875133514
8,sad,angry,-0.217871755361557
8,sad,happy,-0.23646631836891174
8,sad,sad,0.26314130425453186
8,sad,angry,-0.2689445912837982
8,sad,happy,-0.21173202991485596
8,sad,sad,0.30807584524154663
8,sad,angry,-0.4357205033302307
8,sad,happy,-0.29073095321655273
8,sad,sad,0.24506844580173492
8,sad,angry,-0.2049843668937683
8,sad,happy,-0.45138484239578247
8,sad,sad,0.3165860176086426
8,sad,angry,-0.0901213139295578
8,sad,happy,-0.2508403956890106
8,sad,sad,0.054375842213630676
8,sad,angry,-0.2916571795940399
8,sad,happy,-0.43058887124061584
8,sad,sad,0.3578301668167114
8,sad,angry,-0.10123764723539352
8,sad,happy,-0.31058409810066223
8,sad,sad,0.3806249499320984
8,sad,angry,-0.2940900921821594
8,sad,happy,0.14216268062591553
8,sad,sad,-0.03208942711353302
8,sad,angry,-0.5116487145423889
8,sad,happy,-0.20245420932769775
8,sad,sad,0.07969887554645538
8,sad,angry,-0.28557875752449036
8,sad,happy,-0.3311960995197296
8,sad,sad,0.14545683562755585
8,sad,angry,-0.1790241003036499
8,sad,happy,-0.6373791098594666
8,sad,sad,0.4647659659385681
8,sad,angry,-0.0831776112318039
8,sad,happy,-0.39611852169036865
8,sad,sad,0.23462174832820892
8,sad,angry,-0.16729047894477844
8,sad,happy,-0.47452062368392944
8,sad,sad,0.2953844666481018
8,sad,angry,-0.09438355267047882
8,sad,happy,-0.102369025349617
8,sad,sad,0.2990019917488098
8,sad,angry,-0.4401913285255432
8,sad,happy,-0.13217201828956604
8,sad,sad,0.10616187006235123
8,sad,angry,-0.3077627122402191
8,sad,happy,0.06062174588441849
8,sad,sad,-0.013804860413074493
8,sad,angry,-0.5135716199874878
8,sad,happy,-0.16327469050884247
8,sad,sad,0.16259324550628662
8,sad,angry,-0.3381029963493347
8,sad,happy,-0.28948158025741577
8,sad,sad,0.255093514919281
8,sad,angry,-0.2685922086238861
8,sad,happy,-0.41531461477279663
8,sad,sad,0.19241392612457275
8,sad,angry,-0.09734645485877991
8,sad,happy,-0.2962615489959717
8,sad,sad,0.3203345537185669
8,sad,angry,-0.2438623309135437
8,sad,happy,-0.4142615795135498
8,sad,sad,0.16184160113334656
8,sad,angry,-0.08627840131521225
8,sad,happy,-0.10761871933937073
8,sad,sad,0.02107313647866249
8,sad,angry,-0.1573343575000763
8,sad,happy,-0.3878151774406433
8,sad,sad,0.14225685596466064
8,sad,angry,-0.2061646729707718
8,sad,happy,-0.2725681662559509
8,sad,sad,0.30573520064353943
8,sad,angry,-0.24396726489067078
8,sad,happy,-0.3459864854812622
8,sad,sad,0.25318342447280884
8,sad,angry,-0.3213711082935333
8,sad,happy,-0.20041872560977936
8,sad,sad,0.1729743778705597
8,sad,angry,-0.3633834719657898
8,sad,happy,-0.47633278369903564
8,sad,sad,0.45083487033843994
8,sad,angry,-0.16063320636749268
8,sad,happy,-0.39428654313087463
8,sad,sad,0.32753968238830566
8,sad,angry,-0.12378428876399994
8,sad,happy,-0.3613300621509552
8,sad,sad,0.21807190775871277
8,sad,angry,-0.10079196095466614
8,sad,happy,-0.19693253934383392
8,sad,sad,0.30618616938591003
8,sad,angry,-0.2994160056114197
8,sad,happy,0.09277018904685974
8,sad,sad,-0.07211713492870331
8,sad,angry,-0.46440428495407104
8,sad,happy,-0.17807354032993317
8,sad,sad,0.02642790600657463
8,sad,angry,-0.17925967276096344
8,sad,happy,-0.2451486736536026
8,sad,sad,0.1591111719608307
8,sad,angry,-0.1809111386537552
8,sad,happy,-0.33719509840011597
8,sad,sad,0.45126378536224365
8,sad,angry,-0.24691101908683777
8,sad,happy,-0.27892449498176575
8,sad,sad,-0.016310404986143112
8,sad,angry,0.03319438919425011
8,sad,happy,-0.28255513310432434
8,sad,sad,0.2557086646556854
8,sad,angry,-0.10748308897018433
12,sad,happy,-0.8412877321243286
12,sad,sad,0.46997153759002686
12,sad,angry,-0.19560199975967407
12,sad,happy,-0.427476704120636
12,sad,sad,0.31055617332458496
12,sad,angry,-0.25388455390930176
12,sad,happy,-0.6155824065208435
12,sad,sad,0.5801598429679871
12,sad,angry,-0.17913705110549927
12,sad,happy,-0.48145049810409546
12,sad,sad,0.24411077797412872
12,sad,angry,-0.23926414549350739
12,sad,happy,-0.5351784229278564
12,sad,sad,0.3741748332977295
12,sad,angry,-0.2251787781715393
12,sad,happy,-0.5789777636528015
12,sad,sad,0.37749969959259033
12,sad,angry,-0.1566767692565918
12,sad,happy,-0.19488590955734253
12,sad,sad,0.011436866596341133
12,sad,angry,-0.2334696650505066
12,sad,happy,-0.41382285952568054
12,sad,sad,0.24029165506362915
12,sad,angry,-0.3698037266731262
12,sad,happy,-0.3739514946937561
12,sad,sad,0.20366281270980835
12,sad,angry,-0.4826502501964569
12,sad,happy,-0.3823249936103821
12,sad,sad,0.4228345453739166
12,sad,angry,-0.3747159540653229
12,sad,happy,-0.5174494385719299
12,sad,sad,0.6585052013397217
12,sad,angry,-0.435630738735199
12,sad,happy,-0.5969766974449158
12,sad,sad,0.5260943174362183
12,sad,angry,-0.191308856010437
12,sad,happy,-0.1650572419166565
12,sad,sad,0.0963466614484787
12,sad,angry,-0.4419209361076355
12,sad,happy,-0.7218446731567383
12,sad,sad,0.5747416019439697
12,sad,angry,-0.14283624291419983
12,sad,happy,0.04035666584968567
12,sad,sad,-0.11108655482530594
12,sad,angry,-0.4724656343460083
12,sad,happy,-0.6707626581192017
12,sad,sad,0.29245662689208984
12,sad,angry,-0.04582270234823227
12,sad,happy,-0.8200031518936157
12,sad,sad,0.8170367479324341
12,sad,angry,-0.30052486062049866
12,sad,happy,-0.5164690613746643
12,sad,sad,0.5717347264289856
12,sad,angry,-0.34573590755462646
12,sad,happy,-0.593681812286377
12,sad,sad,0.7461909055709839
12,sad,angry,-0.4172267019748688
12,sad,happy,-0.7022383809089661
12,sad,sad,0.6974828839302063
12,sad,angry,-0.22293443977832794
12,sad,happy,-0.3131583034992218
12,sad,sad,0.33887016773223877
12,sad,angry,-0.47038134932518005
12,sad,happy,-0.5815837383270264
12,sad,sad,0.45439958572387695
12,sad,angry,-0.41547495126724243
12,sad,happy,-0.6088706254959106
12,sad,sad,0.4272923171520233
12,sad,angry,-0.1451805979013443
12,sad,happy,-0.6481478214263916
12,sad,sad,0.5970792770385742
12,sad,angry,-0.2797723412513733
12,sad,happy,-0.24363866448402405
12,sad,sad,0.42541617155075073
12,sad,angry,-0.4024321436882019
12,sad,happy,-0.38945314288139343
12,sad,sad,0.1549830138683319
12,sad,angry,-0.17924529314041138
12,sad,happy,-0.5487026572227478
12,sad,sad,0.4348192512989044
12,sad,angry,-0.1441211700439453
12,sad,happy,-0.37817642092704773
12,sad,sad,0.3200046718120575
12,sad,angry,-0.3185899257659912
12,sad,happy,-0.46042343974113464
12,sad,sad,0.5234644412994385
12,sad,angry,-0.3462012708187103
12,sad,happy,-0.5433693528175354
12,sad,sad,0.7274758815765381
12,sad,angry,-0.5961031913757324
12,sad,happy,-0.6631186008453369
12,sad,sad,0.23894858360290527
12,sad,angry,-0.007835902273654938
12,sad,happy,-0.776425838470459
12,sad,sad,0.6202217936515808
12,sad,angry,-0.13998398184776306
12,sad,happy,-0.5628939270973206
12,sad,sad,0.32727402448654175
12,sad,angry,-0.3354894518852234
12,sad,happy,-0.6674135327339172
12,sad,sad,0.5057084560394287
12,sad,angry,-0.1986125260591507
12,sad,happy,-0.49715864658355713
12,sad,sad,0.5617495179176331
12,sad,angry,-0.4098489284515381
12,sad,happy,0.09040576219558716
12,sad,sad,-0.011605601757764816
12,sad,angry,-0.6262639760971069
12,sad,happy,-0.4445590674877167
12,sad,sad,0.2465016394853592
12,sad,angry,-0.24005790054798126
12,sad,happy,-0.4876489043235779
12,sad,sad,0.32551032304763794
12,sad,angry,-0.19738177955150604
12,sad,happy,-0.9433634281158447
12,sad,sad,0.8588886260986328
12,sad,angry,-0.16656038165092468
12,sad,happy,-0.7092427611351013
12,sad,sad,0.5487257242202759
12,sad,angry,-0.22643759846687317
12,sad,happy,-0.9302515983581543
12,sad,sad,0.5623586773872375
12,sad,angry,0.1500030905008316
12,sad,happy,-0.2506001889705658
12,sad,sad,0.44859522581100464
12,sad,angry,-0.5228177905082703
12,sad,happy,-0.30492129921913147
12,sad,sad,0.2737715542316437
12,sad,angry,-0.3976532220840454
12,sad,happy,-0.1308809369802475
12,sad,sad,0.1977955549955368
12,sad,angry,-0.569809079170227
12,sad,happy,-0.39605072140693665
12,sad,sad,0.3175346255302429
12,sad,angry,-0.3854653239250183
12,sad,happy,-0.5907509326934814
12,sad,sad,0.3914796710014343
12,sad,angry,-0.1971651315689087
12,sad,happy,-0.7179020643234253
12,sad,sad,0.46857279539108276
12,sad,angry,-0.15806198120117188
12,sad,happy,-0.3852325677871704
12,sad,sad,0.46779000759124756
12,sad,angry,-0.5067421197891235
12,sad,happy,-0.7425723671913147
12,sad,sad,0.4049975872039795
12,sad,angry,-0.1363028883934021
12,sad,happy,-0.35892897844314575
12,sad,sad,0.20015409588813782
12,sad,angry,-0.1658046841621399
12,sad,happy,-0.48080986738204956
12,sad,sad,0.28393518924713135
12,sad,angry,-0.3942941427230835
12,sad,happy,-0.46424877643585205
12,sad,sad,0.5913953185081482
12,sad,angry,-0.3599541187286377
12,sad,happy,-0.6657655239105225
12,sad,sad,0.7109536528587341
12,sad,angry,-0.4489970803260803
12,sad,happy,-0.3908834755420685
12,sad,sad,0.3954274356365204
12,sad,angry,-0.4019351303577423
12,sad,happy,-0.6734564900398254
12,sad,sad,0.4954911470413208
12,sad,angry,-0.10863444954156876
12,sad,happy,-0.7465718388557434
12,sad,sad,0.5846800804138184
12,sad,angry,-0.05770048126578331
12,sad,happy,-0.638185977935791
12,sad,sad,0.3627118468284607
12,sad,angry,0.01133568212389946
12,sad,happy,-0.3727681338787079
12,sad,sad,0.46731147170066833
12,sad,angry,-0.3721149265766144
12,sad,happy,0.03038249909877777
12,sad,sad,-0.025480948388576508
12,sad,angry,-0.442438542842865
12,sad,happy,-0.41692590713500977
12,sad,sad,0.3695094585418701
12,sad,angry,-0.3013812303543091
12,sad,happy,-0.4853520691394806
12,sad,sad,0.3703900873661041
12,sad,angry,-0.17239877581596375
12,sad,happy,-0.5954583883285522
12,sad,sad,0.6312189102172852
12,sad,angry,-0.1334412395954132
12,sad,happy,-0.47933539748191833
12,sad,sad,0.24702051281929016
12,sad,angry,-0.10097621381282806
12,sad,happy,-0.537550687789917
12,sad,sad,0.3818625807762146
12,sad,angry,-0.13614150881767273
16,sad,happy,-0.8984649181365967
16,sad,sad,0.5616073608398438
16,sad,angry,-0.3281506299972534
16,sad,happy,-0.4036506116390228
16,sad,sad,0.33166080713272095
16,sad,angry,-0.43026095628738403
16,sad,happy,-0.5555703043937683
16,sad,sad,0.6320792436599731
16,sad,angry,-0.3581516742706299
16,sad,happy,-0.524238109588623
16,sad,sad,0.35877883434295654
16,sad,angry,-0.4386357069015503
16,sad,happy,-0.5643647313117981
16,sad,sad,0.35906869173049927
16,sad,angry,-0.2509261965751648
16,sad,happy,-0.5592542290687561
16,sad,sad,0.3470340669155121
16,sad,angry,-0.2143406867980957
16,sad,happy,-0.22957955300807953
16,sad,sad,-0.03568284958600998
16,sad,angry,-0.1848285049200058
16,sad,happy,-0.5531227588653564
16,sad,sad,0.35291558504104614
16,sad,angry,-0.4423291087150574
16,sad,happy,-0.4326992630958557
16,sad,sad,0.3308117091655731
16,sad,angry,-0.6780545711517334
16,sad,happy,-0.4364948272705078
16,sad,sad,0.4604836404323578
16,sad,angry,-0.5053284764289856
16,sad,happy,-0.6000893115997314
16,sad,sad,0.8291934728622437
16,sad,angry,-0.6216684579849243
16,sad,happy,-0.5554409623146057
16,sad,sad,0.5616885423660278
16,sad,angry,-0.3784581422805786
16,sad,happy,-0.2459840178489685
16,sad,sad,0.23644548654556274
16,sad,angry,-0.5702654123306274
16,sad,happy,-0.7116140127182007
16,sad,sad,0.5415923595428467
16,sad,angry,-0.31563854217529297
16,sad,happy,-0.00021520256996154785
16,sad,sad,-0.05251969024538994
16,sad,angry,-0.5913698673248291
16,sad,happy,-0.6461180448532104
16,sad,sad,0.30749839544296265
16,sad,angry,-0.15996630489826202
16,sad,happy,-0.835063636302948
16,sad,sad,0.7997239828109741
16,sad,angry,-0.3062083423137665
16,sad,happy,-0.5831513404846191
16,sad,sad,0.6429362893104553
16,sad,angry,-0.4996253550052643
16,sad,happy,-0.6580681204795837
16,sad,sad,0.7714646458625793
16,sad,angry,-0.4992687702178955
16,sad,happy,-0.8241761922836304
16,sad,sad,0.7486369013786316
16,sad,angry,-0.3213205933570862
16,sad,happy,-0.2766290009021759
16,sad,sad,0.32098495960235596
16,sad,angry,-0.5323482751846313
16,sad,happy,-0.6901276111602783
16,sad,sad,0.5657250881195068
16,sad,angry,-0.5090892910957336
16,sad,happy,-0.586735188961029
16,sad,sad,0.33902135491371155
16,sad,angry,-0.09200351685285568
16,sad,happy,-0.5968155264854431
16,sad,sad,0.5597934126853943
16,sad,angry,-0.37987786531448364
16,sad,happy,-0.3192675709724426
16,sad,sad,0.43209657073020935
16,sad,angry,-0.3729461133480072
16,sad,happy,-0.49782615900039673
16,sad,sad,0.23135918378829956
16,sad,angry,-0.2636262774467468
16,sad,happy,-0.6077895760536194
16,sad,sad,0.5083745718002319
16,sad,angry,-0.2418644279241562
16,sad,happy,-0.4632504880428314
16,sad,sad,0.35745349526405334
16,sad,angry,-0.39348334074020386
16,sad,happy,-0.5940982699394226
16,sad,sad,0.6368690133094788
16,sad,angry,-0.4188709855079651
16,sad,happy,-0.4819519817829132
16,sad,sad,0.5490071773529053
16,sad,angry,-0.4367438554763794
16,sad,happy,-0.649650514125824
16,sad,sad,0.19991721212863922
16,sad,angry,-0.0047067515552043915
16,sad,happy,-0.8224737644195557
16,sad,sad,0.5856660604476929
16,sad,angry,-0.1460176557302475
16,sad,happy,-0.4880524277687073
16,sad,sad,0.26744064688682556
16,sad,angry,-0.46989643573760986
16,sad,happy,-0.6947135329246521
16,sad,sad,0.567518413066864
16,sad,angry,-0.33240756392478943
16,sad,happy,-0.5563874840736389
16,sad,sad,0.6898192167282104
16,sad,angry,-0.5782995223999023
16,sad,happy,0.10421992838382721
16,sad,sad,0.05254928022623062
16,sad,angry,-0.8108794689178467
16,sad,happy,-0.3500048518180847
16,sad,sad,0.07920289039611816
16,sad,angry,-0.20967137813568115
16,sad,happy,-0.5524923205375671
16,sad,sad,0.4407294690608978
16,sad,angry,-0.26504847407341003
16,sad,happy,-0.8879944682121277
16,sad,sad,0.8467117547988892
16,sad,angry,-0.3256479501724243
16,sad,happy,-0.7037907242774963
16,sad,sad,0.6172232627868652
16,sad,angry,-0.3452625274658203
16,sad,happy,-0.8671376705169678
16,sad,sad,0.4730861783027649
16,sad,angry,0.054409366101026535
16,sad,happy,-0.13717429339885712
16,sad,sad,0.27358829975128174
16,sad,angry,-0.5097788572311401
16,sad,happy,-0.3459281921386719
16,sad,sad,0.4183509349822998
16,sad,angry,-0.5801517963409424
16,sad,happy,-0.14058171212673187
16,sad,sad,0.23727759718894958
16,sad,angry,-0.7295325994491577
16,sad,happy,-0.44713538885116577
16,sad,sad,0.36369362473487854
16,sad,angry,-0.4988344609737396
16,sad,happy,-0.5532141923904419
16,sad,sad,0.3440062999725342
16,sad,angry,-0.32354044914245605
16,sad,happy,-0.7626231908798218
16,sad,sad,0.5744242072105408
16,sad,angry,-0.3032909631729126
16,sad,happy,-0.5349203944206238
16,sad,sad,0.5681542754173279
16,sad,angry,-0.4766805171966553
16,sad,happy,-0.8279383182525635
16,sad,sad,0.4773598611354828
16,sad,angry,-0.16602906584739685
16,sad,happy,-0.4819035530090332
16,sad,sad,0.33057910203933716
16,sad,angry,-0.2275363951921463
16,sad,happy,-0.5760313272476196
16,sad,sad,0.3848865032196045
16,sad,angry,-0.5011884570121765
16,sad,happy,-0.59108567237854
16,sad,sad,0.6472566723823547
16,sad,angry,-0.44852739572525024
16,sad,happy,-0.6281682848930359
16,sad,sad,0.7041555047035217
16,sad,angry,-0.4741840362548828
16,sad,happy,-0.5004022717475891
16,sad,sad,0.41993820667266846
16,sad,angry,-0.34296107292175293
16,sad,happy,-0.6260719895362854
16,sad,sad,0.46706199645996094
16,sad,angry,-0.22123056650161743
16,sad,happy,-0.8238511085510254
16,sad,sad,0.6043689250946045
16,sad,angry,-0.15110504627227783
16,sad,happy,-0.6938098073005676
16,sad,sad,0.42675045132637024
16,sad,angry,-0.1439988911151886
16,sad,happy,-0.42878270149230957
16,sad,sad,0.5831634402275085
16,sad,angry,-0.5057873725891113
16,sad,happy,-0.01649468019604683
16,sad,sad,0.05980565771460533
16,sad,angry,-0.48553764820098877
16,sad,happy,-0.41545143723487854
16,sad,sad,0.27356642484664917
16,sad,angry,-0.3161831796169281
16,sad,happy,-0.6487636566162109
16,sad,sad,0.5471634864807129
16,sad,angry,-0.2784481942653656
16,sad,happy,-0.5977030396461487
16,sad,sad,0.5861143469810486
16,sad,angry,-0.2052323818206787
16,sad,happy,-0.6351041197776794
16,sad,sad,0.4051271975040436
16,sad,angry,-0.19999831914901733
16,sad,happy,-0.7094707489013672
16,sad,sad,0.5628495812416077
16,sad,angry,-0.24370481073856354
20,sad,happy,-0.9938469529151917
20,sad,sad,0.9762932658195496
20,sad,angry,-0.5099034309387207
20,sad,happy,-0.605877697467804
20,sad,sad,0.6987946629524231
20,sad,angry,-0.2299743890762329
20,sad,happy,-0.6834049224853516
20,sad,sad,1.0632367134094238
20,sad,angry,-0.4154914617538452
20,sad,happy,-0.5269874930381775
20,sad,sad,0.31364408135414124
20,sad,angry,-0.4869755208492279
20,sad,happy,-0.7943583130836487
20,sad,sad,0.8328126668930054
20,sad,angry,-0.2953580319881439
20,sad,happy,-0.718647837638855
20,sad,sad,0.8345469236373901
20,sad,angry,-0.24136507511138916
20,sad,happy,-0.3518659174442291
20,sad,sad,0.18624144792556763
20,sad,angry,-0.040586575865745544
20,sad,happy,-0.6923239231109619
20,sad,sad,0.653784453868866
20,sad,angry,-0.42475175857543945
20,sad,happy,-0.5026453733444214
20,sad,sad,0.6337741613388062
20,sad,angry,-0.6289621591567993
20,sad,happy,-0.4748193025588989
20,sad,sad,0.7513465881347656
20,sad,angry,-0.5736069679260254
20,sad,happy,-0.6771858930587769
20,sad,sad,1.052651047706604
20,sad,angry,-0.736129879951477
20,sad,happy,-0.7766088247299194
20,sad,sad,0.9786041378974915
20,sad,angry,-0.2744763493537903
20,sad,happy,-0.3088443875312805
20,sad,sad,0.30128028988838196
20,sad,angry,-0.5412742495536804
20,sad,happy,-0.9211483001708984
20,sad,sad,1.114870548248291
20,sad,angry,-0.27003908157348633
20,sad,happy,0.10801491141319275
20,sad,sad,0.025222040712833405
20,sad,angry,-0.7859576344490051
20,sad,happy,-0.8486113548278809
20,sad,sad,0.5951108932495117
20,sad,angry,-0.10496089607477188
20,sad,happy,-0.9737638235092163
20,sad,sad,0.9683921337127686
20,sad,angry,-0.2857470214366913
20,sad,happy,-0.951215922832489
20,sad,sad,1.0886108875274658
20,sad,angry,-0.35837942361831665
20,sad,happy,-0.9099939465522766
20,sad,sad,1.3618855476379395
20,sad,angry,-0.7104510068893433
20,sad,happy,-1.0283348560333252
20,sad,sad,1.061877727508545
20,sad,angry,-0.02545308507978916
20,sad,happy,-0.5290217399597168
20,sad,sad,0.6271846294403076
20,sad,angry,-0.3584137558937073
20,sad,happy,-0.8928599953651428
20,sad,sad,0.9993877410888672
20,sad,angry,-0.5247396230697632
20,sad,happy,-0.7860398292541504
20,sad,sad,0.6064333319664001
20,sad,angry,-0.16378861665725708
20,sad,happy,-0.892058253288269
20,sad,sad,1.1483278274536133
20,sad,angry,-0.40988096594810486
20,sad,happy,-0.4869128465652466
20,sad,sad,0.9683637022972107
20,sad,angry,-0.41467559337615967
20,sad,happy,-0.7938494086265564
20,sad,sad,0.38371872901916504
20,sad,angry,-0.08104865998029709
20,sad,happy,-0.8725289106369019
20,sad,sad,0.822888195514679
20,sad,angry,-0.14945641160011292
20,sad,happy,-0.5108243227005005
20,sad,sad,0.7273272275924683
20,sad,angry,-0.5613964200019836
20,sad,happy,-0.75046706199646
20,sad,sad,1.030205488204956
20,sad,angry,-0.41201287508010864
20,sad,happy,-0.6152005195617676
20,sad,sad,0.8476536870002747
20,sad,angry,-0.5002519488334656
20,sad,happy,-0.8429902195930481
20,sad,sad,0.5272020101547241
20,sad,angry,-0.1527279168367386
20,sad,happy,-1.120512843132019
20,sad,sad,1.049102783203125
20,sad,angry,-0.16061297059059143
20,sad,happy,-0.6037778258323669
20,sad,sad,0.4921913146972656
20,sad,angry,-0.4789525866508484
20,sad,happy,-0.8158580660820007
20,sad,sad,0.8870010375976562
20,sad,angry,-0.47476714849472046
20,sad,happy,-0.7658655047416687
20,sad,sad,1.0872081518173218
20,sad,angry,-0.5379693508148193
20,sad,happy,0.1076432317495346
20,sad,sad,0.3514712452888489
20,sad,angry,-1.0284568071365356
20,sad,happy,-0.6208374500274658
20,sad,sad,0.4483983814716339
20,sad,angry,-0.11659696698188782
20,sad,happy,-0.7126491069793701
20,sad,sad,0.6123477816581726
20,sad,angry,-0.21355634927749634
20,sad,happy,-1.1522363424301147
20,sad,sad,1.3806443214416504
20,sad,angry,-0.33965349197387695
20,sad,happy,-0.9397076964378357
20,sad,sad,1.0202043056488037
20,sad,angry,-0.3399658501148224
20,sad,happy,-1.2412641048431396
20,sad,sad,0.7332245707511902
20,sad,angry,0.32741579413414
20,sad,happy,-0.2556941509246826
20,sad,sad,0.6408404111862183
20,sad,angry,-0.6499450206756592
20,sad,happy,-0.609174370765686
20,sad,sad,0.7968668341636658
20,sad,angry,-0.5017220973968506
20,sad,happy,-0.349653422832489
20,sad,sad,0.6746746301651001
20,sad,angry,-0.7970812320709229
20,sad,happy,-0.6347547173500061
20,sad,sad,0.7744332551956177
20,sad,angry,-0.5466572046279907
20,sad,happy,-0.6501712203025818
20,sad,sad,0.887910008430481
20,sad,angry,-0.4400257170200348
20,sad,happy,-1.0205930471420288
20,sad,sad,0.839250922203064
20,sad,angry,-0.25961896777153015
20,sad,happy,-0.5639028549194336
20,sad,sad,1.0347126722335815
20,sad,angry,-0.7710592150688171
20,sad,happy,-1.0279033184051514
20,sad,sad,0.7658215761184692
20,sad,angry,-0.1040327176451683
20,sad,happy,-0.6326041221618652
20,sad,sad,0.4994822144508362
20,sad,angry,-0.13146205246448517
20,sad,happy,-0.6841691732406616
20,sad,sad,0.7344793677330017
20,sad,angry,-0.5760024189949036
20,sad,happy,-0.6982871294021606
20,sad,sad,0.8839066028594971
20,sad,angry,-0.43708646297454834
20,sad,happy,-0.8431092500686646
20,sad,sad,1.1979401111602783
20,sad,angry,-0.6145182847976685
20,sad,happy,-0.4645530581474304
20,sad,sad,0.6973904371261597
20,sad,angry,-0.48876723647117615
20,sad,happy,-0.7318474054336548
20,sad,sad,1.0053520202636719
20,sad,angry,-0.40016210079193115
20,sad,happy,-1.2174358367919922
20,sad,sad,1.1254472732543945
20,sad,angry,0.039406925439834595
20,sad,happy,-0.8805545568466187
20,sad,sad,0.6877602338790894
20,sad,angry,-0.12023761123418808
20,sad,happy,-0.5922715067863464
20,sad,sad,0.9174941778182983
20,sad,angry,-0.46412068605422974
20,sad,happy,0.06052443012595177
20,sad,sad,0.1857200562953949
20,sad,angry,-0.5735757350921631
20,sad,happy,-0.5211217999458313
20,sad,sad,0.5052411556243896
20,sad,angry,-0.30405667424201965
20,sad,happy,-0.8879594802856445
20,sad,sad,0.6788982152938843
20,sad,angry,-0.04844209924340248
20,sad,happy,-0.8480793833732605
20,sad,sad,1.0019173622131348
20,sad,angry,-0.08793602883815765
20,sad,happy,-0.9030803442001343
20,sad,sad,0.6680642366409302
20,sad,angry,-0.03812623769044876
20,sad,happy,-0.8755679726600647
20,sad,sad,0.8630340099334717
20,sad,angry,-0.21361228823661804
8,angry,happy,-0.19750702381134033
8,angry,sad,-0.09372837841510773
8,angry,angry,-0.04235696420073509
8,angry,happy,-0.2492305189371109
8,angry,sad,-0.0717630460858345
8,angry,angry,-0.11446020007133484
8,angry,happy,-0.35279232263565063
8,angry,sad,0.10013992339372635
8,angry,angry,-0.12239598482847214
8,angry,happy,0.05663301795721054
8,angry,sad,-0.1562996208667755
8,angry,angry,-0.317873477935791
8,angry,happy,-0.34191882610321045
8,angry,sad,0.038905076682567596
8,angry,angry,0.11268916726112366
8,angry,happy,-0.2774510383605957
8,angry,sad,-0.005837049335241318
8,angry,angry,-0.001370871439576149
8,angry,happy,-0.2124505490064621
8,angry,sad,-0.0997488871216774
8,angry,angry,-0.12686118483543396
8,angry,happy,-0.47659677267074585
8,angry,sad,0.01517077162861824
8,angry,angry,0.14915433526039124
8,angry,happy,-0.18536023795604706
8,angry,sad,-0.26372048258781433
8,angry,angry,0.17143696546554565
8,angry,happy,-0.21824653446674347
8,angry,sad,0.08148299157619476
8,angry,angry,-0.21395698189735413
8,angry,happy,0.020004769787192345
8,angry,sad,-0.08912023901939392
8,angry,angry,-0.34513914585113525
8,angry,happy,-0.007172726094722748
8,angry,sad,-0.30561989545822144
8,angry,angry,-0.1310347020626068
8,angry,happy,-0.26545479893684387
8,angry,sad,-0.1000317856669426
8,angry,angry,0.07273203134536743
8,angry,happy,-0.3910231590270996
8,angry,sad,0.09027708321809769
8,angry,angry,0.11900681257247925
8,angry,happy,-0.30905604362487793
8,angry,sad,-0.02140899933874607
8,angry,angry,0.0005315430462360382
8,angry,happy,-0.09939046204090118
8,angry,sad,-0.02380867302417755
8,angry,angry,-0.25651589035987854
8,angry,happy,-0.1562173068523407
8,angry,sad,-0.15866413712501526
8,angry,angry,0.047363851219415665
8,angry,happy,-0.3550792932510376
8,angry,sad,0.08350348472595215
8,angry,angry,-0.04474319517612457
8,angry,happy,-0.2903968095779419
8,angry,sad,0.1414743810892105
8,angry,angry,-0.11621002852916718
8,angry,happy,-0.3506937623023987
8,angry,sad,-0.1951577365398407
8,angry,angry,0.11930785328149796
8,angry,happy,-0.1565428078174591
8,angry,sad,-0.053443558514118195
8,angry,angry,-0.16490162909030914
8,angry,happy,-0.2809564173221588
8,angry,sad,0.11979206651449203
8,angry,angry,-0.12975573539733887
8,angry,happy,0.05244540423154831
8,angry,sad,-0.06182654947042465
8,angry,angry,-0.3077804446220398
8,angry,happy,-0.24910300970077515
8,angry,sad,0.12994590401649475
8,angry,angry,-0.13238130509853363
8,angry,happy,-0.24531790614128113
8,angry,sad,-0.22483579814434052
8,angry,angry,0.04195018857717514
8,angry,happy,-0.11150006949901581
8,angry,sad,0.015875499695539474
8,angry,angry,-0.2532675266265869
8,angry,happy,-0.22832423448562622
8,angry,sad,-0.036351609975099564
8,angry,angry,0.05717933177947998
8,angry,happy,-0.1168217658996582
8,angry,sad,0.1310763955116272
8,angry,angry,-0.3960585296154022
8,angry,happy,-0.13626089692115784
8,angry,sad,0.14368148148059845
8,angry,angry,-0.14763900637626648
8,angry,happy,-0.12023118138313293
8,angry,sad,-0.3159617483615875
8,angry,angry,0.08396752178668976
8,angry,happy,0.022535061463713646
8,angry,sad,-0.2345518171787262
8,angry,angry,-0.0781329944729805
8,angry,happy,-0.013285035267472267
8,angry,sad,-0.061882250010967255
8,angry,angry,-0.2831154465675354
8,angry,happy,-0.2158321589231491
8,angry,sad,0.10064470767974854
8,angry,angry,-0.2355380356311798
8,angry,happy,0.05518538877367973
8,angry,sad,-0.23783202469348907
8,angry,angry,-0.1991877257823944
8,angry,happy,-0.15927426517009735
8,angry,sad,-0.029034946113824844
8,angry,angry,-0.027585469186306
8,angry,happy,-0.44637632369995117
8,angry,sad,0.07423566281795502
8,angry,angry,0.110043466091156
8,angry,happy,-0.08428645879030228
8,angry,sad,0.055057819932699203
8,angry,angry,-0.25045815110206604
8,angry,happy,-0.1242743507027626
8,angry,sad,-0.14186610281467438
8,angry,angry,-0.08224114775657654
8,angry,happy,-0.2119293361902237
8,angry,sad,-0.15671363472938538
8,angry,angry,0.054598838090896606
8,angry,happy,-0.4135741591453552
8,angry,sad,0.28149348497390747
8,angry,angry,-0.06262364983558655
8,angry,happy,-0.3472350239753723
8,angry,sad,-0.11269974708557129
8,angry,angry,0.07019563019275665
8,angry,happy,-0.09842751175165176
8,angry,sad,-0.04135842248797417
8,angry,angry,-0.15996123850345612
8,angry,happy,-0.01052028313279152
8,angry,sad,-0.3966482877731323
8,angry,angry,-0.07869838178157806
8,angry,happy,0.1352515071630478
8,angry,sad,-0.11885008215904236
8,angry,angry,-0.27749964594841003
8,angry,happy,-0.27063342928886414
8,angry,sad,0.10964956879615784
8,angry,angry,-0.07186701893806458
8,angry,happy,-0.17963054776191711
8,angry,sad,-0.10630059242248535
8,angry,angry,-0.006247438490390778
8,angry,happy,0.0008516255766153336
8,angry,sad,-0.20286771655082703
8,angry,angry,-0.1689019650220871
8,angry,happy,-0.23283642530441284
8,angry,sad,0.02138722687959671
8,angry,angry,-0.023557350039482117
8,angry,happy,-0.15687809884548187
8,angry,sad,0.31898537278175354
8,angry,angry,-0.483866810798645
8,angry,happy,-0.01159713789820671
8,angry,sad,0.009020492434501648
8,angry,angry,-0.24614043533802032
8,angry,happy,-0.4774025082588196
8,angry,sad,-0.02893958054482937
8,angry,angry,0.30750802159309387
8,angry,happy,0.015583330765366554
8,angry,sad,-0.11039268225431442
8,angry,angry,-0.3128594756126404
8,angry,happy,-0.08423717319965363
8,angry,sad,-0.20291465520858765
8,angry,angry,-0.014782078564167023
8,angry,happy,-0.11466431617736816
8,angry,sad,-0.12206348776817322
8,angry,angry,-0.06270892918109894
8,angry,happy,-0.14745235443115234
8,angry,sad,0.1590929627418518
8,angry,angry,-0.263782799243927
8,angry,happy,-0.3355987071990967
8,angry,sad,0.11529858410358429
8,angry,angry,-0.09003543853759766
8,angry,happy,-0.20145311951637268
8,angry,sad,-0.12628468871116638
8,angry,angry,-0.02298584021627903
8,angry,happy,-0.21530719101428986
8,angry,sad,0.22990377247333527
8,angry,angry,-0.32867953181266785
8,angry,happy,-0.29365673661231995
8,angry,sad,0.05084412172436714
8,angry,angry,-0.025787310674786568
8,angry,happy,-0.34159937500953674
8,angry,sad,0.06762460619211197
8,angry,angry,-0.010778169147670269
8,angry,happy,-0.43143925070762634
8,angry,sad,-0.0698234885931015
8,angry,angry,0.13447441160678864
8,angry,happy,-0.07295145839452744
8,angry,sad,0.07321803271770477
8,angry,angry,-0.22176745533943176
8,angry,happy,-0.3204335570335388
8,angry,sad,0.07501843571662903
8,angry,angry,-0.05701800808310509
8,angry,happy,-0.12807145714759827
8,angry,sad,-0.2032194286584854
8,angry,angry,0.019174741581082344
12,angry,happy,-0.36313799023628235
12,angry,sad,-0.28818845748901367
12,angry,angry,0.1515955626964569
12,angry,happy,-0.4542917311191559
12,angry,sad,-0.10221198201179504
12,angry,angry,0.011723693460226059
12,angry,happy,-0.6072772145271301
12,angry,sad,0.11037419736385345
12,angry,angry,-0.032419271767139435
12,angry,happy,-0.16057205200195312
12,angry,sad,-0.253264844417572
12,angry,angry,-0.10970774292945862
12,angry,happy,-0.5956005454063416
12,angry,sad,-0.10746385157108307
12,angry,angry,0.393088698387146
12,angry,happy,-0.5391809940338135
12,angry,sad,0.0608098991215229
12,angry,angry,0.15729686617851257
12,angry,happy,-0.47556138038635254
12,angry,sad,0.10560835897922516
12,angry,angry,-0.0533587746322155
12,angry,happy,-0.6186540126800537
12,angry,sad,0.030306724831461906
12,angry,angry,0.13830851018428802
12,angry,happy,-0.37318310141563416
12,angry,sad,-0.47840172052383423
12,angry,angry,0.45272547006607056
12,angry,happy,-0.3326472043991089
12,angry,sad,-0.008769631385803223
12,angry,angry,-0.07578673213720322
12,angry,happy,-0.1881527602672577
12,angry,sad,-0.06402499973773956
12,angry,angry,-0.31155461072921753
12,angry,happy,-0.09385087341070175
12,angry,sad,-0.11086659133434296
12,angry,angry,-0.2524935305118561
12,angry,happy,-0.6205814480781555
12,angry,sad,0.0736919492483139
12,angry,angry,0.19488739967346191
12,angry,happy,-0.6079491376876831
12,angry,sad,-0.0956098884344101
12,angry,angry,0.36461886763572693
12,angry,happy,-0.5734626650810242
12,angry,sad,-0.01411266066133976
12,angry,angry,0.164955273270607
12,angry,happy,-0.25291261076927185
12,angry,sad,0.10936117172241211
12,angry,angry,-0.27374762296676636
12,angry,happy,-0.2675715386867523
12,angry,sad,-0.1270342320203781
12,angry,angry,0.01882746070623398
12,angry,happy,-0.6171194911003113
12,angry,sad,0.014758884906768799
12,angry,angry,0.24918818473815918
12,angry,happy,-0.5714346766471863
12,angry,sad,0.12997864186763763
12,angry,angry,0.043798770755529404
12,angry,happy,-0.7557286024093628
12,angry,sad,-0.14923274517059326
12,angry,angry,0.4026707410812378
12,angry,happy,-0.4185653626918793
12,angry,sad,-0.047598376870155334
12,angry,angry,-0.00501718744635582
12,angry,happy,-0.5416809320449829
12,angry,sad,0.03648364171385765
12,angry,angry,0.11739827692508698
12,angry,happy,-0.13067808747291565
12,angry,sad,-0.004460461437702179
12,angry,angry,-0.2091991901397705
12,angry,happy,-0.4005073010921478
12,angry,sad,0.22641220688819885
12,angry,angry,-0.1810767650604248
12,angry,happy,-0.30011534690856934
12,angry,sad,-0.25033852458000183
12,angry,angry,0.09986700117588043
12,angry,happy,-0.2754613161087036
12,angry,sad,-0.031436167657375336
12,angry,angry,-0.10079547762870789
12,angry,happy,-0.49932602047920227
12,angry,sad,-0.06325129419565201
12,angry,angry,0.2730233371257782
12,angry,happy,-0.2920532524585724
12,angry,sad,0.15273313224315643
12,angry,angry,-0.33908650279045105
12,angry,happy,-0.1379215121269226
12,angry,sad,0.13515925407409668
12,angry,angry,-0.1741911917924881
12,angry,happy,-0.15171849727630615
12,angry,sad,-0.42848530411720276
12,angry,angry,0.12200862914323807
12,angry,happy,-0.2765957713127136
12,angry,sad,-0.2527366876602173
12,angry,angry,0.119898721575737
12,angry,happy,0.07223597168922424
12,angry,sad,0.019718877971172333
12,angry,angry,-0.49192509055137634
12,angry,happy,-0.4457229673862457
12,angry,sad,0.1409686952829361
12,angry,angry,-0.15905851125717163
12,angry,happy,-0.006193086504936218
12,angry,sad,-0.22663909196853638
12,angry,angry,-0.2554304599761963
12,angry,happy,-0.3693010210990906
12,angry,sad,-0.04358227178454399
12,angry,angry,0.0790301039814949
12,angry,happy,-0.6922963857650757
12,angry,sad,0.01184869185090065
12,angry,angry,0.3024024963378906
12,angry,happy,-0.2585601806640625
12,angry,sad,0.013247635215520859
12,angry,angry,-0.10484964400529861
12,angry,happy,-0.3891078233718872
12,angry,sad,-0.21040622889995575
12,angry,angry,0.13549165427684784
12,angry,happy,-0.42094308137893677
12,angry,sad,-0.3020165264606476
12,angry,angry,0.23438885807991028
12,angry,happy,-0.8337693214416504
12,angry,sad,0.48359787464141846
12,angry,angry,0.1401183307170868
12,angry,happy,-0.65308678150177
12,angry,sad,0.08068044483661652
12,angry,angry,0.16780118644237518
12,angry,happy,-0.2770673930644989
12,angry,sad,-0.23001930117607117
12,angry,angry,0.10605812817811966
12,angry,happy,-0.004846453666687012
12,angry,sad,-0.4326665997505188
12,angry,angry,-0.0705501139163971
12,angry,happy,-0.01984376460313797
12,angry,sad,-0.10494355857372284
12,angry,angry,-0.21723105013370514
12,angry,happy,-0.6354933381080627
12,angry,sad,0.22077082097530365
12,angry,angry,0.11285920441150665
12,angry,happy,-0.4117179811000824
12,angry,sad,-0.09210962057113647
12,angry,angry,0.13551808893680573
12,angry,happy,-0.10849902033805847
12,angry,sad,-0.11088619381189346
12,angry,angry,-0.3189051151275635
12,angry,happy,-0.36363455653190613
12,angry,sad,-0.015172131359577179
12,angry,angry,0.09167610853910446
12,angry,happy,-0.3562432527542114
12,angry,sad,0.35466235876083374
12,angry,angry,-0.4540518522262573
12,angry,happy,-0.2612381875514984
12,angry,sad,0.04818030446767807
12,angry,angry,-0.14978599548339844
12,angry,happy,-0.8182523250579834
12,angry,sad,-0.10851722210645676
12,angry,angry,0.6390780210494995
12,angry,happy,-0.21350041031837463
12,angry,sad,-0.06292200833559036
12,angry,angry,-0.2038930505514145
12,angry,happy,-0.15269142389297485
12,angry,sad,-0.29629066586494446
12,angry,angry,0.061530373990535736
12,angry,happy,-0.2535284459590912
12,angry,sad,-0.15580198168754578
12,angry,angry,0.028203632682561874
12,angry,happy,-0.32778453826904297
12,angry,sad,0.2851369380950928
12,angry,angry,-0.32864415645599365
12,angry,happy,-0.6386457085609436
12,angry,sad,0.14583034813404083
12,angry,angry,0.12832288444042206
12,angry,happy,-0.4401041865348816
12,angry,sad,0.003799617290496826
12,angry,angry,0.07156013697385788
12,angry,happy,-0.5432480573654175
12,angry,sad,0.47786813974380493
12,angry,angry,-0.31279996037483215
12,angry,happy,-0.5028018355369568
12,angry,sad,-0.0671389028429985
12,angry,angry,0.1986991912126541
12,angry,happy,-0.5080204606056213
12,angry,sad,0.17394623160362244
12,angry,angry,-0.14040853083133698
12,angry,happy,-0.8562482595443726
12,angry,sad,0.01646733656525612
12,angry,angry,0.4299604296684265
12,angry,happy,-0.17780254781246185
12,angry,sad,0.001702331006526947
12,angry,angry,-0.1719931960105896
12,angry,happy,-0.7533178925514221
12,angry,sad,0.19707083702087402
12,angry,angry,0.18619154393672943
12,angry,happy,-0.32227620482444763
12,angry,sad,-0.32002395391464233
12,angry,angry,0.19287404417991638
16,angry,happy,-0.35635071992874146
16,angry,sad,-0.31911319494247437
16,angry,angry,0.16103410720825195
16,angry,happy,-0.6156030297279358
16,angry,sad,-0.06958529353141785
16,angry,angry,0.07709774374961853
16,angry,happy,-0.5944011211395264
16,angry,sad,0.08251973241567612
16,angry,angry,-0.07088996469974518
16,angry,happy,-0.10494747012853622
16,angry,sad,-0.31152719259262085
16,angry,angry,-0.156741201877594
16,angry,happy,-0.5588559508323669
16,angry,sad,-0.18628130853176117
16,angry,angry,0.339823454618454
16,angry,happy,-0.5233818888664246
16,angry,sad,-0.07560566067695618
16,angry,angry,0.20043712854385376
16,angry,happy,-0.49306097626686096
16,angry,sad,0.08300928771495819
16,angry,angry,-0.07069659233093262
16,angry,happy,-0.6230350732803345
16,angry,sad,0.04180718585848808
16,angry,angry,-0.007432090118527412
16,angry,happy,-0.47151637077331543
16,angry,sad,-0.38829848170280457
16,angry,angry,0.39375948905944824
16,angry,happy,-0.3338566720485687
16,angry,sad,-0.027541927993297577
16,angry,angry,-0.11236612498760223
16,angry,happy,-0.19938376545906067
16,angry,sad,-0.0610884465277195
16,angry,angry,-0.36570265889167786
16,angry,happy,-0.04845409467816353
16,angry,sad,-0.12629260122776031
16,angry,angry,-0.34802675247192383
16,angry,happy,-0.665043294429779
16,angry,sad,0.10848996043205261
16,angry,angry,0.15581253170967102
16,angry,happy,-0.629409670829773
16,angry,sad,-0.08492127805948257
16,angry,angry,0.41305676102638245
16,angry,happy,-0.6267697811126709
16,angry,sad,0.035619139671325684
16,angry,angry,0.09216614067554474
16,angry,happy,-0.2700425684452057
16,angry,sad,0.01052214577794075
16,angry,angry,-0.280954509973526
16,angry,happy,-0.33884724974632263
16,angry,sad,-0.05221104994416237
16,angry,angry,-0.07027274370193481
16,angry,happy,-0.6633750200271606
16,angry,sad,-0.02194203808903694
16,angry,angry,0.2545129060745239
16,angry,happy,-0.5818333625793457
16,angry,sad,0.15314380824565887
16,angry,angry,-0.045313961803913116
16,angry,happy,-0.6938926577568054
16,angry,sad,-0.1823348104953766
16,angry,angry,0.3494684100151062
16,angry,happy,-0.39104771614074707
16,angry,sad,-0.07427073270082474
16,angry,angry,-0.101345494389534
16,angry,happy,-0.565355122089386
16,angry,sad,0.06298360228538513
16,angry,angry,0.061335474252700806
16,angry,happy,-0.17074355483055115
16,angry,sad,-0.055761855095624924
16,angry,angry,-0.1795162856578827
16,angry,happy,-0.5894898772239685
16,angry,sad,0.3103061020374298
16,angry,angry,-0.1725751757621765
16,angry,happy,-0.34182310104370117
16,angry,sad,-0.2497001588344574
16,angry,angry,0.05082456395030022
16,angry,happy,-0.13674940168857574
16,angry,sad,-0.17338958382606506
16,angry,angry,-0.12071585655212402
16,angry,happy,-0.4769115149974823
16,angry,sad,-0.07536947727203369
16,angry,angry,0.20608173310756683
16,angry,happy,-0.263773649930954
16,angry,sad,0.08402276039123535
16,angry,angry,-0.41192495822906494
16,angry,happy,-0.1780008226633072
16,angry,sad,0.060790155082941055
16,angry,angry,-0.22002363204956055
16,angry,happy,-0.1606075018644333
16,angry,sad,-0.3763107657432556
16,angry,angry,0.0651567205786705
16,angry,happy,-0.2864845097064972
16,angry,sad,-0.3149758279323578
16,angry,angry,0.14303192496299744
16,angry,happy,-0.06884963810443878
16,angry,sad,-0.06638553738594055
16,angry,angry,-0.35280293226242065
16,angry,happy,-0.36418628692626953
16,angry,sad,-0.02896491251885891
16,angry,angry,-0.14606180787086487
16,angry,happy,-0.04516337811946869
16,angry,sad,-0.29587963223457336
16,angry,angry,-0.23671360313892365
16,angry,happy,-0.34328460693359375
16,angry,sad,-0.13158121705055237
16,angry,angry,0.04910484701395035
16,angry,happy,-0.7909244894981384
16,angry,sad,0.08790918439626694
16,angry,angry,0.23060686886310577
16,angry,happy,-0.08302970230579376
16,angry,sad,-0.237986758351326
16,angry,angry,-0.1246524453163147
16,angry,happy,-0.35208818316459656
16,angry,sad,-0.1501062661409378
16,angry,angry,0.009478475898504257
16,angry,happy,-0.39257314801216125
16,angry,sad,-0.27025625109672546
16,angry,angry,0.17183881998062134
16,angry,happy,-0.7847657203674316
16,angry,sad,0.3992266356945038
16,angry,angry,0.10486382246017456
16,angry,happy,-0.6776782274246216
16,angry,sad,0.0865962952375412
16,angry,angry,0.06118486821651459
16,angry,happy,-0.17721453309059143
16,angry,sad,-0.39132824540138245
16,angry,angry,0.07256335020065308
16,angry,happy,-0.06897829473018646
16,angry,sad,-0.38840451836586
16,angry,angry,-0.0633782297372818
16,angry,happy,-0.0854700431227684
16,angry,sad,0.047914132475852966
16,angry,angry,-0.33066731691360474
16,angry,happy,-0.6405347585678101
16,angry,sad,0.13016191124916077
16,angry,angry,0.17851696908473969
16,angry,happy,-0.48983386158943176
16,angry,sad,0.024358583614230156
16,angry,angry,0.006202308461070061
16,angry,happy,-0.037462327629327774
16,angry,sad,-0.17692264914512634
16,angry,angry,-0.3717997372150421
16,angry,happy,-0.38896849751472473
16,angry,sad,0.04273822531104088
16,angry,angry,0.01660952717065811
16,angry,happy,-0.40007519721984863
16,angry,sad,0.31315290927886963
16,angry,angry,-0.43587300181388855
16,angry,happy,-0.3088318705558777
16,angry,sad,0.08944375813007355
16,angry,angry,-0.21251654624938965
16,angry,happy,-0.8153496980667114
16,angry,sad,-0.0968858152627945
16,angry,angry,0.5928723216056824
16,angry,happy,-0.21742451190948486
16,angry,sad,-0.11171053349971771
16,angry,angry,-0.18979282677173615
16,angry,happy,-0.2579587399959564
16,angry,sad,-0.21028617024421692
16,angry,angry,0.07592751830816269
16,angry,happy,-0.24448680877685547
16,angry,sad,-0.1274295449256897
16,angry,angry,-0.04103481397032738
16,angry,happy,-0.25065621733665466
16,angry,sad,0.13731758296489716
16,angry,angry,-0.37052053213119507
16,angry,happy,-0.6054174304008484
16,angry,sad,0.00668729841709137
16,angry,angry,0.2080475389957428
16,angry,happy,-0.40367498993873596
16,angry,sad,-0.08583390712738037
16,angry,angry,0.06827300786972046
16,angry,happy,-0.5642218589782715
16,angry,sad,0.41922348737716675
16,angry,angry,-0.375
16,angry,happy,-0.3370177447795868
16,angry,sad,-0.2575902044773102
16,angry,angry,0.1358858346939087
16,angry,happy,-0.6062840223312378
16,angry,sad,0.2550312280654907
16,angry,angry,-0.14077644050121307
16,angry,happy,-0.8381557464599609
16,angry,sad,-0.06744672358036041
16,angry,angry,0.41841691732406616
16,angry,happy,-0.07368633151054382
16,angry,sad,-0.09874869883060455
16,angry,angry,-0.3123595118522644
16,angry,happy,-0.7148315906524658
16,angry,sad,0.12244060635566711
16,angry,angry,0.12199196219444275
16,angry,happy,-0.28242161870002747
16,angry,sad,-0.44521602988243103
16,angry,angry,0.21471890807151794
20,angry,happy,-0.5646035671234131
20,angry,sad,-0.1065596491098404
20,angry,angry,0.23207391798496246
20,angry,happy,-0.8488144874572754
20,angry,sad,0.23218506574630737
20,angry,angry,0.27851366996765137
20,angry,happy,-0.7911044955253601
20,angry,sad,0.1439433991909027
20,angry,angry,-0.006955724209547043
20,angry,happy,-0.3187513053417206
20,angry,sad,-0.024878574535250664
20,angry,angry,-0.14338022470474243
20,angry,happy,-0.9628491401672363
20,angry,sad,0.11939883977174759
20,angry,angry,0.6129247546195984
20,angry,happy,-0.6521221399307251
20,angry,sad,-0.015716958791017532
20,angry,angry,0.25003939867019653
20,angry,happy,-0.679072380065918
20,angry,sad,0.33400607109069824
20,angry,angry,-0.07115025073289871
20,angry,happy,-0.7914519309997559
20,angry,sad,0.14330361783504486
20,angry,angry,0.015239416621625423
20,angry,happy,-0.7347022891044617
20,angry,sad,-0.3416677713394165
20,angry,angry,0.6957182288169861
20,angry,happy,-0.26965126395225525
20,angry,sad,0.0878964215517044
20,angry,angry,-0.24057728052139282
20,angry,happy,-0.28743159770965576
20,angry,sad,0.06762808561325073
20,angry,angry,-0.4057029187679291
20,angry,happy,-0.028998063877224922
20,angry,sad,-0.063462994992733
20,angry,angry,-0.3864286541938782
20,angry,happy,-0.935193657875061
20,angry,sad,0.3662656545639038
20,angry,angry,0.3642268478870392
20,angry,happy,-0.8543332815170288
20,angry,sad,0.22117529809474945
20,angry,angry,0.44544175267219543
20,angry,happy,-0.9246354699134827
20,angry,sad,0.33217430114746094
20,angry,angry,0.2726343870162964
20,angry,happy,-0.4230527877807617
20,angry,sad,0.38197943568229675
20,angry,angry,-0.3300332725048065
20,angry,happy,-0.6376994252204895
20,angry,sad,0.025098767131567
20,angry,angry,0.22148177027702332
20,angry,happy,-1.0081517696380615
20,angry,sad,0.27599918842315674
20,angry,angry,0.4409405291080475
20,angry,happy,-0.8577237129211426
20,angry,sad,0.5974823236465454
20,angry,angry,0.02143053710460663
20,angry,happy,-1.005702257156372
20,angry,sad,-0.049784332513809204
20,angry,angry,0.5798345804214478
20,angry,happy,-0.661361813545227
20,angry,sad,0.25140368938446045
20,angry,angry,0.018626421689987183
20,angry,happy,-0.8548152446746826
20,angry,sad,0.3488410413265228
20,angry,angry,0.28189021348953247
20,angry,happy,-0.16090236604213715
20,angry,sad,0.21139100193977356
20,angry,angry,-0.2570134103298187
20,angry,happy,-0.8948681354522705
20,angry,sad,0.6783408522605896
20,angry,angry,0.03910373896360397
20,angry,happy,-0.505402147769928
20,angry,sad,-0.2534429728984833
20,angry,angry,0.26685646176338196
20,angry,happy,-0.27024132013320923
20,angry,sad,0.21398328244686127
20,angry,angry,-0.16258002817630768
20,angry,happy,-0.7889033555984497
20,angry,sad,0.20254077017307281
20,angry,angry,0.3787810802459717
20,angry,happy,-0.47963935136795044
20,angry,sad,0.34527742862701416
20,angry,angry,-0.4349915385246277
20,angry,happy,-0.3999018669128418
20,angry,sad,0.41847333312034607
20,angry,angry,-0.14875417947769165
20,angry,happy,-0.1328195482492447
20,angry,sad,-0.48799562454223633
20,angry,angry,0.11832810193300247
20,angry,happy,-0.6248868703842163
20,angry,sad,-0.27323830127716064
20,angry,angry,0.42743074893951416
20,angry,happy,-0.07687324285507202
20,angry,sad,0.23443731665611267
20,angry,angry,-0.517088770866394
20,angry,happy,-0.5823526382446289
20,angry,sad,0.38562044501304626
20,angry,angry,-0.14256872236728668
20,angry,happy,-0.176606222987175
20,angry,sad,-0.11170268058776855
20,angry,angry,-0.15612594783306122
20,angry,happy,-0.5365791916847229
20,angry,sad,-0.0035186316817998886
20,angry,angry,0.1621963381767273
20,angry,happy,-1.0753519535064697
20,angry,sad,0.45849961042404175
20,angry,angry,0.37011945247650146
20,angry,happy,-0.35376662015914917
20,angry,sad,0.08488242328166962
20,angry,angry,0.05103904753923416
20,angry,happy,-0.5279967784881592
20,angry,sad,-0.0065026916563510895
20,angry,angry,-0.02526390552520752
20,angry,happy,-0.589142382144928
20,angry,sad,-0.13143432140350342
20,angry,angry,0.2309391349554062
20,angry,happy,-1.1682560443878174
20,angry,sad,0.8650975227355957
20,angry,angry,0.3302069902420044
20,angry,happy,-0.9497978687286377
20,angry,sad,0.4466000199317932
20,angry,angry,0.2742183208465576
20,angry,happy,-0.24219590425491333
20,angry,sad,-0.18364062905311584
20,angry,angry,0.10841261595487595
20,angry,happy,-0.030243057757616043
20,angry,sad,-0.34323203563690186
20,angry,angry,-0.15744102001190186
20,angry,happy,-0.18731850385665894
20,angry,sad,0.2400834858417511
20,angry,angry,-0.2832915782928467
20,angry,happy,-0.8667281270027161
20,angry,sad,0.4421846866607666
20,angry,angry,0.3956650495529175
20,angry,happy,-0.6286062002182007
20,angry,sad,0.25215259194374084
20,angry,angry,0.22525261342525482
20,angry,happy,-0.025309119373559952
20,angry,sad,0.14312744140625
20,angry,angry,-0.38586944341659546
20,angry,happy,-0.45659029483795166
20,angry,sad,0.3728863000869751
20,angry,angry,-0.06625664234161377
20,angry,happy,-0.5001256465911865
20,angry,sad,0.8293026089668274
20,angry,angry,-0.6172073483467102
20,angry,happy,-0.4550330638885498
20,angry,sad,0.4758085608482361
20,angry,angry,-0.1260240226984024
20,angry,happy,-1.1331497430801392
20,angry,sad,0.01652687042951584
20,angry,angry,0.7815830707550049
20,angry,happy,-0.29129335284233093
20,angry,sad,0.08031197637319565
20,angry,angry,-0.2537531554698944
20,angry,happy,-0.35985130071640015
20,angry,sad,-0.2891269624233246
20,angry,angry,0.18495574593544006
20,angry,happy,-0.42000144720077515
20,angry,sad,-0.045057520270347595
20,angry,angry,0.20361614227294922
20,angry,happy,-0.3579653799533844
20,angry,sad,0.44526898860931396
20,angry,angry,-0.38552212715148926
20,angry,happy,-0.8426698446273804
20,angry,sad,0.32490092515945435
20,angry,angry,0.19712598621845245
20,angry,happy,-0.5795645117759705
20,angry,sad,0.13502927124500275
20,angry,angry,0.07592268288135529
20,angry,happy,-0.8592650890350342
20,angry,sad,0.8720313310623169
20,angry,angry,-0.32290592789649963
20,angry,happy,-0.6084432005882263
20,angry,sad,-0.10368546843528748
20,angry,angry,0.2728404998779297
20,angry,happy,-0.7866656184196472
20,angry,sad,0.5339367389678955
20,angry,angry,-0.13305595517158508
20,angry,happy,-1.3303256034851074
20,angry,sad,0.2765845060348511
20,angry,angry,0.6939883232116699
20,angry,happy,-0.10145706683397293
20,angry,sad,0.2986065149307251
20,angry,angry,-0.3889208137989044
20,angry,happy,-0.9648397564888
20,angry,sad,0.46028637886047363
20,angry,angry,0.14275234937667847
20,angry,happy,-0.49297386407852173
20,angry,sad,-0.4679001271724701
20,angry,angry,0.40481048822402954
