generated_by,prompt_idx,sample_idx,prompt,continuation
step1500,0,0,"Write a short neutral news brief about a recent local development.

Brief:","

A homeless man is serving a life sentence in Oklahoma for the killings of his wife and a friend after they fell into a river.

The man is described as a ""young man with good-looking, well-educated features.""

He ""was not a threat to the safety of the community at the time of the death.""

He was the first local man to be sentenced to life in prison for the killings in April"
step1500,0,1,"Write a short neutral news brief about a recent local development.

Brief:","
The government should allow the creation of an intergovernmental authority that would have power to make policy on the environment, education, health, justice, and law.

Background:

The government had not been interested in creating such an authority and it was the responsibility of the House of Assembly to create one.

In the 1970s, the environment ministry came into power, but the first step was to create the Intergovernmental Authority. The"
step1500,0,2,"Write a short neutral news brief about a recent local development.

Brief:"," It’s the final word, for some people, in the coming crisis. The truth is that the crisis is bad enough that it’s the kind of thing that’s good for people to look back on. It’s the kind of thing that can make people come together, and unite. And it’s the kind of thing that can’t wait. It’s the kind of thing that can’t wait forever.
"
step1500,0,3,"Write a short neutral news brief about a recent local development.

Brief:"," “Local news shows the people of the community. The government needs to do something about this.”

A “local news” report is a report of local events that happens in the community and which does not include information that is considered to be “public policy” to be made public. This includes news reports about local events and actions taken by the local community to prevent, address or to remedy the circumstances that led to the current situation.

"
step1500,0,4,"Write a short neutral news brief about a recent local development.

Brief:"," The New York Times is preparing a detailed report on the conditions of Jewish immigrants in the United States. What would the Times want to know?

“The Times is preparing a detailed report on the conditions of Jewish immigrants in the United States,” says an open letter to the Jewish community published in the New York Times. The Times has “no reason to support” the Times’ report.

Another letter to the Times, written in the early"
step1500,0,5,"Write a short neutral news brief about a recent local development.

Brief:","

New York City should increase homelessness and prevent some of the worst homelessness.

New Yorkers should consider expanding the number of affordable housing units on the city’s streets and increasing the number of homeless people.

New Yorkers should put a greater emphasis on public transit.

New Yorkers should stop using taxpayer dollars to benefit the wealthy and the city’s biggest corporations.

New Yorkers should not allow"
step1500,0,6,"Write a short neutral news brief about a recent local development.

Brief:","

The State of Michigan has added a new home to the National Register of Historic Places as part of a project to re-recognize the historic structures that have stood at the center of a history that has affected and changed our state. This project will be dedicated to the memory of the residents who have made such an important contribution to the state’s history.

This is part one of a series of essays by a panel of distinguished citizens"
step1500,0,7,"Write a short neutral news brief about a recent local development.

Brief:"," A city's water bill, like the bills that drive the streets in Brooklyn, New York, and other towns in upstate New York, is in effect paid by people who live nearby who live on land purchased for development. When new housing, jobs, and amenities are constructed, it's usually on land that already was purchased or some other nearby land that has been bought but not yet constructed. It makes sense to do things when there's an opportunity"
step1500,0,8,"Write a short neutral news brief about a recent local development.

Brief:"," “One of the most frustrating and unrelenting decisions of the past three years has been the decision of a group of people to cut our services down to only a few (few) jobs per person in order to build a more viable community that could be economically viable, because we were so fearful of getting the job done, that we had to be a little more generous with their time and pay.”

The report also identified that the lack of"
step1500,0,9,"Write a short neutral news brief about a recent local development.

Brief:"," “For decades, residents of the Bismarck region have watched the Federal government intervene in their affairs to make money for the local community.

“Today, on Tuesday, we are speaking with residents of Bismarck, who are facing a growing national crisis.

“It is not a question of whether they feel better, but when the money is going in their direction.

“We want to show the people who"
step1500,0,10,"Write a short neutral news brief about a recent local development.

Brief:"," A local developer is getting serious about the revitalization of their neighbourhood and will be putting his money where his mouth is. Local residents are outraged that developer Ben Pawlowski is using his public money to help the residents.

A Brief: Ben Pawlowski says the city’s proposed $250 million residential expansion project is “excessive and out of proportion to the value of the land.”

Brief: The"
step1500,0,11,"Write a short neutral news brief about a recent local development.

Brief:"," We are very excited to help the City get out of the mess of the world, and to provide a welcome distraction from our daily struggles.

We want to take the positive steps we can to get things back on track and we want you to be the ones that will take the positive steps in support of these steps.

We can’t wait to hear more stories.

“You have to face the reality of the world and"
step1500,0,12,"Write a short neutral news brief about a recent local development.

Brief:"," The City of Cleveland’s new $2.5 million building and other related improvements will improve the city’s pedestrian-friendly downtown, while the existing building, known as the City Center, will retain some of its heritage features.

“We’ve had a lot of work to do over the past few years with the City of Cleveland,” said City Manager Jim Smith. “These structures are in good shape, and these are things that"
step1500,0,13,"Write a short neutral news brief about a recent local development.

Brief:"," I'm a small business owner who is living on a social media investment of $500 per year into the city's new social media campaign, an initiative spearheaded by a new mayor and community activist. I'm passionate about getting a positive impact on the city's economy, as it helps us to attract new business and jobs. My company, Stumptown Media, creates and manages the new social media campaign, a platform that allows individuals to create"
step1500,0,14,"Write a short neutral news brief about a recent local development.

Brief:","

There are a lot of things that are happening at our local government in New York City. There are even things you might call ""social issues,"" like ""the New York City Police Department being investigated for killing a black man"" or something similar.

Some of the questions we have are:

How did this happen, who did it, and how did they find out.

The real truth is that it's difficult to"
step1500,0,15,"Write a short neutral news brief about a recent local development.

Brief:"," It’s about how we make decisions about what to do next. What do you do? What do you do? Where do you go? Who do you go to? What’s the big picture? What’s the long-term vision?

You’re in a position to make a decision based on the needs of the moment. You can’t look at the state of the world or the need for the solution. But"
step1500,0,16,"Write a short neutral news brief about a recent local development.

Brief:","

“We are concerned that if the bill is passed, the city will be a victim of its own success. The city is not going to be able to provide a road system to meet the needs of the people who are using it, and we are in the process of trying to create a sustainable infrastructure plan that will help them do that.”"
step1500,0,17,"Write a short neutral news brief about a recent local development.

Brief:"," An artist's impression of an empty building, with an image of a ""bad boy"" and a ""bad guy"". (Note: Anonymized.

Gill's is located in the historic district of St. Lawrence. The buildings were demolished in the 1980s, and the street names have been restored.

In 2001, the city acquired the site for a historic district for the Town of St. Lawrence.

The town"
step1500,0,18,"Write a short neutral news brief about a recent local development.

Brief:","

The City of Buffalo has a lot to offer at this moment. Our community is a place to bring out the values of the city and the community. We are dedicated to the principles of the City and the Buffalo community as a whole. While every effort has been made to ensure the quality of the information and the content in the local news is fair, accurate, and timely, there are times when a mistake has been made or the story is"
step1500,0,19,"Write a short neutral news brief about a recent local development.

Brief:"," A news brief about a recent local development.

And here the question is not whether we ought to have a public education about these kinds of issues.

But the answer to that is, what do we get?

We get what is in our best interest in the short term.

The short term means we ought to be looking for ways to improve our schools.

And our schools are a waste of money.
"
step1500,1,0,"Write a short neutral news brief about a public announcement.

Brief:","

“We need to have a better public process for this type of public announcement so people can better understand the impact the announcement will have on the local communities.”

“We need a better public process for this type of public announcement so people can better understand the impact the announcement will have on the local communities.”

“The public announcement is a very important public policy decision and we have to use it to ensure the public has a more"
step1500,1,1,"Write a short neutral news brief about a public announcement.

Brief:","

We need to stop the media's power over the public.

We need to start doing something about the media.

And I have been doing some thinking for the past couple of months and I have not heard a word from anyone in particular, but I would love to hear your thoughts on where we can do more to take this back to normal and start to improve the public's awareness of our state's issues.

I"
step1500,1,2,"Write a short neutral news brief about a public announcement.

Brief:"," Trump is not going to do a deal with Iran

In the absence of any substantive talks, Trump would have a choice: Do or do not do the deal, and, if they do, do nothing.

""If you're going to do the deal with Iran,"" Trump said, ""it's going to be done with a deal with Iran that doesn't have a nuclear weapon. And if you're going to do it with a"
step1500,1,3,"Write a short neutral news brief about a public announcement.

Brief:"," The story, “In the dark of the evening a child is shot and killed in front of the city’s children,” by David S. Johnson.

The details were not reported by the Herald until Tuesday, and it now stands as a matter of public record.

The details were disclosed at a Senate hearing Thursday, when the Times-Democrat and Republican senators said they hoped to use the incident as a “red flag” to"
step1500,1,4,"Write a short neutral news brief about a public announcement.

Brief:"," This is a public announcement about a public announcement.

Brief: This is a public announcement about a public announcement.

Brief: This is a public announcement about a public announcement.

Brief: This is a public announcement about a public announcement.

Brief: This is a public announcement about a public announcement.

Brief: This is a public announcement about a public announcement.

Brief:"
step1500,1,5,"Write a short neutral news brief about a public announcement.

Brief:"," I'm gonna ask your parents to approve the news release and I'll be happy to read it. You guys should sign this, we can do all of this. Thank you, thank you. I don't wanna be a scumbag, I wanna be the best man. It would be a shame to not be good enough. It would make it easier for us, the children. I hate the thought of leaving. I hate this.
"
step1500,1,6,"Write a short neutral news brief about a public announcement.

Brief:"," An announcement on a policy.

No comments:

Post a Comment

Copyright

In the interests of full disclosure, I'm publishing the entire original article here and the full text here.

I realize that the comments posted on this blog post do not have permission to be removed. I will delete any comments that contain any obscene or offensive language."
step1500,1,7,"Write a short neutral news brief about a public announcement.

Brief:"," A letter from the director of the Central Committee on Public Information, David Cohen, to members of the Council of the City of the Russian Federation on June 10, 2012, from which the letter is excerpted.

An anonymous letter sent on May 29, 2012, to the Secretary of State.

“Brief.”

The letter was authored by the Council of the City of the Russian Federation and sent to the Director of the Central"
step1500,1,8,"Write a short neutral news brief about a public announcement.

Brief:"," The government shutdown is causing problems for lawmakers and staff, as well as residents and local governments. And the U.S. government and the federal government are working to put the issue to bed.

The government shutdown is causing problems for lawmakers and staff, as well as residents and local governments. And the U.S. government and the federal government are working to put the issue to bed.

A public announcement should not be used to"
step1500,1,9,"Write a short neutral news brief about a public announcement.

Brief:"," What is a public announcement? It is a public announcement that is a news release from a public official or a government official announcing a news announcement of a government official. It is a news release by the government of a state, as a statement of policy to the public. It is not an announcement that is an announcement of policy. It is not a news announcement that involves a person or a group. In order to have a public announcement, the public"
step1500,1,10,"Write a short neutral news brief about a public announcement.

Brief:"," President's 'disappointment' with press secretary O'Connor; new report on how Obama was responding to the public's concerns about the president's handling of the White House's request to investigate Bush.

A brief on a public announcement about the administration's request to investigate Bush's handling of the White House's request to investigate the request to investigate the request to investigate Bush.

A brief on a public announcement about the administration's request"
step1500,1,11,"Write a short neutral news brief about a public announcement.

Brief:","

1. ""I think he's been fired"" or ""He's gone,"" or ""He's been fired."" What kind of person would do something like this? What should we expect from him? What did he say that got people talking? What is the public outcry?

2. ""I don't like the media"" (and that's being true)

3. ""I think it's an open and shut"
step1500,1,12,"Write a short neutral news brief about a public announcement.

Brief:"," A public announcement to close a debate.

“The Obama administration’s plan to ban some speech based on the constitution is unconstitutional.”

Brief: An announcement by the Obama administration to close a debate in response to a public announcement of an executive order or a bill.

“The Bush administration’s decision to push for broad changes to the U.S. Constitution that will strengthen federalism is unconstitutional and a threat to the"
step1500,1,13,"Write a short neutral news brief about a public announcement.

Brief:","

""The administration says that the public does not receive news of the U.S. military's withdrawal from Afghanistan, an issue that comes up for discussion in the media as well as Congress.""

""In my view, we should not let the political agenda get in the way of keeping the public informed.""

""I find it very sad that the U.S. military is retreating so heavily from Afghanistan, where its actions"
step1500,1,14,"Write a short neutral news brief about a public announcement.

Brief:","

A public announcement has two parts. It says ""The decision of the Board is not final and the Board will consider its action in the near future."" The other part says ""The decision is based on the public interest, including public safety and the ability of citizens to make informed choices in public life.""

The Board also wants the public to be informed by a press release about the decision, but this would require the public to be given"
step1500,1,15,"Write a short neutral news brief about a public announcement.

Brief:"," If you like your public announcement, then you will be held to a higher standard in your community. And we are not going to tolerate that kind of behavior, even if it's just at a press conference. We are going to keep our public announcements open and honest, but we are not going to tolerate that kind of behavior."
step1500,1,16,"Write a short neutral news brief about a public announcement.

Brief:"," How to prevent a terrorist attack?

To get to that one, we should look at something called the “anti-terror agenda”.

According to the BBC, there are a number of terrorist attacks on the UK’s infrastructure and public services, including a suicide bombing in Brighton, and a terrorist attack on the Parliament Buildings in London in July 2014.

According to a report in the Times, the Daily Mail reported that a"
step1500,1,17,"Write a short neutral news brief about a public announcement.

Brief:"," The Democratic National Convention is this weekend, and a panel of Democratic Party officials will discuss the convention's agenda, and the potential outcomes.

Hours later, on Tuesday, the DNC will host a press conference and a discussion about the convention itself.

""The Democratic convention is a historic moment,"" said party official John Weaver.

""It's a time for debate, for debate about what will be, what the policies are"
step1500,1,18,"Write a short neutral news brief about a public announcement.

Brief:","

“We just found out about a public announcement of a public announcement. I didn’t know it was going to come out.”

(via The Hill)"
step1500,1,19,"Write a short neutral news brief about a public announcement.

Brief:"," A public announcement is an announcement that details the steps taken by the government to address the situation, the goals of the administration, and the way in which the government will meet those goals. If the announcement is not made by the public announcement, it can be made within three days (the announcement is made by the government itself), seven days (in some cases, days, or weeks), or more than ten days (that is, it might be delayed"
step1500,2,0,"Write a short neutral news brief about a group making a decision.

Brief:","

“The question I will take up is why the political discourse in the UK has become so polarised and why people still feel compelled to make such a statement about the need to make some sort of decision about whether to support the Government in the current situation.”

The following is an excerpt from “Brexit: No to no deal, say Labour’s critics.”

“The first thing I want to say to you is that"
step1500,2,1,"Write a short neutral news brief about a group making a decision.

Brief:","

If people are going to change their minds, they have to change their minds. They have to change their mind.

The same reason they can't change their mind about the government. You can't change your mind about the government. You can't change your mind about the government. You can't change your mind about the government.

People who are too extreme are not thinking as a group.

They are thinking as"
step1500,2,2,"Write a short neutral news brief about a group making a decision.

Brief:"," The U.S. Government is looking to investigate a group of Americans for helping to undermine its legitimacy by using fake news and social media in order to smear its critics. The FBI is investigating several groups who may have aided the Trump administration.

Brief: As tensions rise, the administration is being pressed to keep its policies and practices in place.

Brief: The president is under pressure to ensure that information about Americans being used to"
step1500,2,3,"Write a short neutral news brief about a group making a decision.

Brief:"," We believe it is a good idea for citizens of this country to have an independent voice.

It is a good idea to be able to tell the media what they should and shouldn't be doing, and that they should listen to what we’re going to do.

We think this ought to be something that the average person would support. We think that it is a good idea that everyone should have the opportunity to say what they feel"
step1500,2,4,"Write a short neutral news brief about a group making a decision.

Brief:","

The UK and NATO are exploring whether they should have to reduce the amount of troops in Afghanistan.

It was suggested by the UK's Secretary of State for Defence that it was inappropriate to deploy troops in Afghanistan to support the country's security.

Ministers are discussing whether the UK should commit more troops to a national intervention into the Afghan government.

The British government said: ""We believe that it is appropriate to deploy additional"
step1500,2,5,"Write a short neutral news brief about a group making a decision.

Brief:","

“We were shocked and hurt by the actions of this group,” said President Steven Rendell. “These people are in the wrong.”

The new decision on a vote to reject the proposal is based on comments from the group.

“This is not acceptable,” said Rendell. “This group is not the first person that has come forward and expressed an opinion of how this should be done. We are not the"
step1500,2,6,"Write a short neutral news brief about a group making a decision.

Brief:"," I think we can make a fair judgment about the merits of the case, but in my view, the fact that the decision was unanimous as to the correct course and time in which to run the case does not constitute evidence of a ""fair judgment.""

I agree that this case does not present a great deal of evidence, but I think that there is insufficient evidence to support the decision of the Board, which the Board is in the best position"
step1500,2,7,"Write a short neutral news brief about a group making a decision.

Brief:"," A report in the New York Times from the Department of Justice. It is meant as an introduction to a group trying to develop a position to prevent the spread of the coronavirus by having a short neutral report.

This brief is supposed to say, “The New York Times is working on a plan to protect the public, as well as the privacy of Americans living in the U.S. and the government.”

The Times is working on"
step1500,2,8,"Write a short neutral news brief about a group making a decision.

Brief:", This was a decision that all the members of the group made and should not have made.
step1500,2,9,"Write a short neutral news brief about a group making a decision.

Brief:"," An editorial cartoon from the Toronto Star

“One of the things we’re concerned about here is the effect this kind of thing will have on communities,” Mr. Kwan said. “That was the issue with this article: ‘Do you want to do this? Are you willing to do this?’ This was never about the word, it’s about the people. We’re looking at these kinds of things now and then, we"
step1500,2,10,"Write a short neutral news brief about a group making a decision.

Brief:"," The group’s decision was based on the premise that the U.S. should take an active role in stopping such attacks against U.S. national security. The U.S. should provide support, such as funding or other support, for these efforts.

On the issue of support from Congress: The group’s statement doesn’t say whether it supports the Senate’s vote to keep the money in the Constitution, but the"
step1500,2,11,"Write a short neutral news brief about a group making a decision.

Brief:"," The Federal Communications Commission (FCC) voted in April to block a proposed new network that it described as “inconsistent and inappropriate.” The FCC voted to overturn the decision by a 10-10 vote.

“We are in a special situation where we’re in a situation where we need to hear from voters and we need to be able to be heard,” Michael Rogers, an FCC employee who worked on the decision, said in a phone"
step1500,2,12,"Write a short neutral news brief about a group making a decision.

Brief:","

“We are going to make a decision based on the facts. We’re going to act based on the facts.”

“The president’s going to be the leader,” he added.

He said “the president has the right to make that decision” and is “going to have the right to make that decision.”

“The President is the only person in the country who can exercise that right,” he said"
step1500,2,13,"Write a short neutral news brief about a group making a decision.

Brief:"," “I do not believe in the election of Donald Trump,” said Robert Mueller’s special counsel in a July interview with CNN. “I do not believe in the election of Donald Trump. I believe that his election is legitimate, and he’s a credible person and will be a credible person.”

That “credible person” Trump and his campaign manager were talking about is the same one used by the FBI in its investigation into the Russia"
step1500,2,14,"Write a short neutral news brief about a group making a decision.

Brief:"," A series of stories about how Trump is handling the situation in Russia, and how he is prepared to take more decisive action. The first story: “Trump can say no.” The second: “I’ll be more aggressive with them.”"
step1500,2,15,"Write a short neutral news brief about a group making a decision.

Brief:"," News reports that there's a potential $800 million pot buy for a nuclear plant. They say that the price could be $1.3 billion over the next 10 years.

""And it's not fair to the people of New Jersey to say that, it is really more than that,"" said former Gov. Bill Ritter. ""We want to know who made the decision.""

In a letter to Gov. Rick Snyder and the"
step1500,2,16,"Write a short neutral news brief about a group making a decision.

Brief:"," The Obama administration is reviewing a controversial decision to suspend the U.S. military’s controversial decision to deny the Iraqi government access to medical facilities and other state benefits.

The decision was to deny a request from a former Iraqi government official to provide medical treatment for the army’s most wounded soldiers and civilian employees. The decision also violates the country’s constitutional provisions that prohibit the use of force against the Iraqis and their political opponents."
step1500,2,17,"Write a short neutral news brief about a group making a decision.

Brief:"," The Federal Government has concluded that a group of people making an announcement about the possible imposition of new laws on children and adults in the United States without the prior knowledge of their elected representatives, is unconstitutional and will be punished by a fine, imprisonment and the death penalty.

The Federal government, having concluded that the statements made by these people are legally protected, has asked that the Court order their termination as representatives of the United States.

This"
step1500,2,18,"Write a short neutral news brief about a group making a decision.

Brief:"," An analysis of how the president’s budget proposal could cut benefits for women.

Brief: A story about the importance of the job of the Department of Health and Human Services to women’s health.

A story about the importance of the job of the Department of Health and Human Services to women’s health.

A story about the importance of the job of the Department of Health and Human Services to women’s health"
step1500,2,19,"Write a short neutral news brief about a group making a decision.

Brief:"," The United Nations’ top human rights official said that the “human rights violations” of migrants in Central America was unjustified and unacceptable.

The UN Human Rights Council, chaired by Canada, said it had received reports of human rights violations on the part of people smugglers in Central America in violation of international law.

The council said in its statement the reports showed that the migrants “had violated international conventions and human rights.”
"
step1500,3,0,"Write a short neutral news brief about an event that happened today.

Brief:"," http://www.pbs.org/wgbh/pages/frontline/world/en-US/touches-on-politics/news/politics-wont-be-the-greeting-to-a-person

This morning's speech is from the House of Representatives' floor in the Senate on health care reform.

The Republican effort has been to delay action on the issue for"
step1500,3,1,"Write a short neutral news brief about an event that happened today.

Brief:"," When the city is caught in a traffic jam, it may be forced to take a stand against the driver who can’t get to the emergency exit from the front of the truck.

“This is something that is going to have to be investigated and it will be in the public domain,” said a spokesman for Mayor Mike Rawlings.

“We need to have the right to have that conversation.”

City Manager Dan Sloan"
step1500,3,2,"Write a short neutral news brief about an event that happened today.

Brief:"," The New York Times story about the shooting of an NYPD officer by the police gunman, identified only as “Mortimer.” The story doesn’t identify the suspect. We are told to expect a different story, one that would reflect the new president’s views, and that would result in his firing.

The Times story is not based in fact, but the story, as presented by a former Times staffer and as published"
step1500,3,3,"Write a short neutral news brief about an event that happened today.

Brief:","

As the coronavirus pandemic continues to be a major threat to our family and work, I want to offer my personal thoughts on the current state of the global health situation. I’m reminded of a quote from Mark Twain: “It is by no means necessary to be perfect in order to be safe.”

The problem is that we haven’t been perfect enough, and that we are not equipped to address this global health crisis."
step1500,3,4,"Write a short neutral news brief about an event that happened today.

Brief:"," http://www.redstc.com/wp-content/uploads/2013/10/Brief-Brief-The-World-News-News-Media-Organization-Wars.pdf

Brief: http://www.redstc.com/wp-content/uploads/2013/10/Brief-Brief-The-World-News-News-Media-Organization-Wars."
step1500,3,5,"Write a short neutral news brief about an event that happened today.

Brief:"," “I want the press to understand that there is no reason for any American to be worried about whether the media is following their lead about what’s going on in Iran.”

To do this, Mr. Trump is looking for a way to keep the media in the news — but also prevent it from following the line that the Iranians are following the rules of the game in Washington.

In other words, Mr. Trump is trying"
step1500,3,6,"Write a short neutral news brief about an event that happened today.

Brief:"," The President of the United States of America

To understand the impact of the Trump era of executive orders, it helps to think of the president’s presidency as a series of presidential decisions.

This year’s administration will almost certainly have some significant changes to that approach. First, Trump may not have been a popular choice for the job of president. His legacy is a bit cloudy. It is possible that he might not have won"
step1500,3,7,"Write a short neutral news brief about an event that happened today.

Brief:"," President Donald Trump was briefed about an alleged threat to the national security of the U.S. and the Trump administration made against Russia.

Here’s a brief, but not comprehensive, summary: The New York Times reported that Trump was asked to “speak out” on Russia, a statement that Trump later repeated.

Trump on Thursday called his comments “the worst thing” he’s ever seen in the United States."
step1500,3,8,"Write a short neutral news brief about an event that happened today.

Brief:"," The story broke this morning with news that a group of students at Notre Dame had called their entire class to protest the event where they were told they were being thrown out of the football game.

One of the reasons why you might want to see this in the news is because the University is going to be closed to the public for the next year or two until the next school year. The whole reason the University is closed to the public is that"
step1500,3,9,"Write a short neutral news brief about an event that happened today.

Brief:","

The Obama administration said a proposed cyberattack on the National Security Council would cause ""serious and unacceptable damage to national security.""

It was the first major cyberattack this administration has made on the NSC and the administration said the damage would be serious, but it is not ""clear why they would risk having a large cyberattack on the NSC"".

The US has made public cybersecurity information, such as classified NSA documents,"
step1500,3,10,"Write a short neutral news brief about an event that happened today.

Brief:"," In 2014, a small group of women attended a memorial for the victims of the Sept. 11 attacks. And they did what the women had to do. In the days after the attacks, they came together and said what we do.

You mentioned earlier that you knew all about the group's goals, and you wanted to be a part of them, but you were not involved in a specific way that meant that the group was going to have"
step1500,3,11,"Write a short neutral news brief about an event that happened today.

Brief:"," If you need to contact your representative in order to do so, please call the Mayor of the Borough of Pawtucket. He will speak to you about the issues that concern you. We will communicate with you directly.

If you are unable to reach the Mayor of the Borough of Pawtucket, please call the Mayor's office. If you are unable to reach the Mayor of the Borough of Pawtucket, please call"
step1500,3,12,"Write a short neutral news brief about an event that happened today.

Brief:"," The Trump administration has made a series of changes to the National Security Agency that were announced today by Congress. The administration plans to eliminate the system that had been in place since before President George W. Bush took office.

The news conference was the first on Trump's planned trip to Washington to meet with the president and the first to discuss the NSA data collection program.

This is the first time that the National Security Agency has had access to"
step1500,3,13,"Write a short neutral news brief about an event that happened today.

Brief:"," The Trump administration is expected to impose tariffs of 25% on $50 billion in Chinese imports by the end of this week.

The issue of the Chinese government’s trade war with the U.S. has come under heightened scrutiny in recent days, with President Donald Trump warning against pursuing trade war with China.

“We will not allow the U.S. to be driven into a trade war with China,” Trump said Tuesday."
step1500,3,14,"Write a short neutral news brief about an event that happened today.

Brief:"," We heard today from Mayor Bill de Blasio and the city’s first minority-owned public housing project in 20 years.

Brief: About 5,500 people were served a brief letter about the meeting.

Brief: A few residents expressed concerns about the city’s role in creating a housing market that will leave residents with little choice.

Brief: When Mayor de Blasio first proposed the project he said he"
step1500,3,15,"Write a short neutral news brief about an event that happened today.

Brief:"," As part of a major new study, a University of Washington study found that in 2017, more than 2.5 million people reported that they had experienced an online safety crisis.

As part of the study, the University of Washington conducted a survey of about 2,000 U.S. adults. The survey, published in the journal Environmental Research Letters, said that online safety was the most important reason for reporting.

The survey, conducted"
step1500,3,16,"Write a short neutral news brief about an event that happened today.

Brief:"," The National Republican Senatorial Committee has released its full minutes of the proceedings and the proceedings are being reviewed by the U.S. House Oversight and Government Reform Committee.

The minutes show Senate Majority Leader Mitch McConnell, R-Ky., saying that the committee had ""serious concerns about the committee's policies.""

The minutes say McConnell said that ""the committee has a critical role to play in defending President Trump's agenda and in comb"
step1500,3,17,"Write a short neutral news brief about an event that happened today.

Brief:"," President Obama is preparing to visit an “all of us” meeting of people in Hawaii.

Brief: A bipartisan bill that would set limits on the activities of law enforcement.

Brief: Congress wants to force law enforcement to make a “detailed review of all the facts about a particular situation.”"
step1500,3,18,"Write a short neutral news brief about an event that happened today.

Brief:","

• On his most recent speech to the Democratic National Convention, Sen. Bernie Sanders said: “If you’re in the campaign to change things around the country, we’re not going to be voting for the wall. We’re going to be voting for a wall. We’re going to be voting for a real opportunity to get real things done and to make progress.”

• On the issue of immigration, Sanders said"
step1500,3,19,"Write a short neutral news brief about an event that happened today.

Brief:"," This event happened today, in Washington. It's a big deal for the community, people and the state of the nation, and it seems to be happening at a time when we're being called to be more accountable, more responsible and more accountable to the people who are having the most impact on the country, not just the state of Washington. But we're going to be hearing that news throughout the day. We're going to have that conversation."
step1500,4,0,"Write a short neutral news brief about a change people are discussing.

Brief:"," Trump is in favour of a constitutional amendment to take back the U.S.

“I will oppose it if it is a way to make a huge political statement. He has always been a little bit of a left-winger,” he said in a speech to the North American Society of Newspapers and magazines on the eve of the party convention.

“That’s not something he is happy to have happen, let alone change"
step1500,4,1,"Write a short neutral news brief about a change people are discussing.

Brief:","

“The Trump administration may be on the cusp of a ‘significant turn’ toward the Trump administration. That’s what I would hope.”

“If he is president of the United States, he will be the first to see that a change in direction on the nation’s foreign policy is not in the interests of our nation. His record and his actions have proven it.”

“The president of the United States,"
step1500,4,2,"Write a short neutral news brief about a change people are discussing.

Brief:", Why do you think we should let go of our gun control agenda and start to talk about what we do with our own guns?
step1500,4,3,"Write a short neutral news brief about a change people are discussing.

Brief:","

The media says we need a new normal that will be fair and equal for all. And as for those who are protesting the Obama administration’s administration, we can’t tell the difference.

Brief:

The media says Obama is an enemy of the people and for that, he should be held accountable. And they do. That’s just not true.

Brief:

The media says Obama"
step1500,4,4,"Write a short neutral news brief about a change people are discussing.

Brief:"," The most famous of the American political debates is about impeachment. But the most powerful debate is about whether the White House should be impeached for the crimes of its current president, Donald Trump."
step1500,4,5,"Write a short neutral news brief about a change people are discussing.

Brief:"," A couple of days ago, I was on a phone call from one of my colleagues, and she made the interesting observation that ""if you're thinking about a particular issue, let the media do their job.""

She said we should not talk about a particular issue but rather be open minded and open to new ideas.

I said the problem is that some people (including my colleagues) are not very receptive to a particular issue, especially"
step1500,4,6,"Write a short neutral news brief about a change people are discussing.

Brief:","

In the past year, we have heard a lot about changes being made to the health care system, and the public hearings and public comment meetings have been a bit of a relief to many people concerned about the future.

But the truth has always been a different story. There is now a public discussion about what changes are needed, and it is all about the direction we want to take our health care system.

The public meeting"
step1500,4,7,"Write a short neutral news brief about a change people are discussing.

Brief:"," Trump's proposed changes to national security would be so bad that you wonder why I am still talking about them. I'm not even sure they're good enough to change the country. I just feel like I should be able to get some of the things from this and give some of it to you as a personal statement. But I do think it would make Americans more open to seeing real, real solutions to problems.

The author: I have"
step1500,4,8,"Write a short neutral news brief about a change people are discussing.

Brief:"," The Trump administration is considering a plan to roll back health care regulations that limit access to health insurance in the U.S., amid the growing concerns about the rise of the so-called ‘Obamacare’, a proposal that would repeal the Affordable Care Act. The plan would repeal and replace Obamacare, and would give states more flexibility to deny people coverage to people with pre-existing conditions.

The plan, which was backed by Trump’s campaign"
step1500,4,9,"Write a short neutral news brief about a change people are discussing.

Brief:"," When did people first look into the public schools? Was there a big public push to change the curriculum?

There was, but the public’s reaction to the charter school movement was the same as mine. And a lot of them weren’t going to like my story at all. So I’m going to be a little bit more restrained. And if people see that I’m an idiot, they’ll stop trying to help"
step1500,4,10,"Write a short neutral news brief about a change people are discussing.

Brief:"," The White House’s chief of staff Mark Kelly (R) and a handful of senior advisers are discussing the White House's approach to a proposed nuclear deal with Iran, a top source said.

Brief: An anonymous White House official told the outlet that the White House is exploring ways to deal with Iran without a nuclear deal with the United States, but said there are no steps at this stage.

Brief: An anonymous White"
step1500,4,11,"Write a short neutral news brief about a change people are discussing.

Brief:","

In a recent article on the Guardian website, we asked you to think back to the moment when we became aware that the world was being attacked by Islamic extremists.

In the last decade, the World Bank and the UK government have been both using the threat of terrorism as a weapon of war. We know from research by other organisations that a majority of the attacks they have identified, have been against those who want to attack us."
step1500,4,12,"Write a short neutral news brief about a change people are discussing.

Brief:"," A person who says he is going to vote for Barack Obama will be voting for Hillary Clinton when he stands for reelection in 2016. But the question is, who can do that?

So who are the people who are going to have to weigh in on this?

The answer is, Hillary.

I’m not going to tell you who Hillary Clinton is. What I will say is, when she did a campaign,"
step1500,4,13,"Write a short neutral news brief about a change people are discussing.

Brief:"," ""The government should stop spending money on politics to protect the weakest people in the country,"" wrote former House speaker Newt Gingrich on the House floor on Monday, Oct. 23, 2018.

""As you continue to pay taxes, there will be a lot of people that will be outraged,"" Gingrich said. ""There will be people of all backgrounds who say we don't have to be concerned about the environment or"
step1500,4,14,"Write a short neutral news brief about a change people are discussing.

Brief:","

I’m sorry, you have to be 18 to vote in any election. How are the people in this country supposed to react to this? They have a right to choose their leaders? Or they have a right to choose their president? The very people in this country are the ones who have the right to decide who is president.

How can you not be able to vote for a man who is an absolute liar and a terrible"
step1500,4,15,"Write a short neutral news brief about a change people are discussing.

Brief:"," This could be an attempt to shift the conversation from the federal government's role as the ultimate arbiter of the American people's interests to one that is primarily dependent on the views and views of the American people.

Brief: This could be an effort by Republicans to make the American public's concerns about the Affordable Care Act (ACA) and other matters of concern to the federal government more difficult.

Brief: An attempt to shift"
step1500,4,16,"Write a short neutral news brief about a change people are discussing.

Brief:"," “Our Government, in our opinion, is trying to cut spending to help the many millions of people who are in poverty and the millions who are at risk.”

In a speech at a town hall meeting on the budget, the Governor said the people, and the taxpayers, “are asking for a major, comprehensive, cost-effective solution to the problem of child poverty.”

“As I have said many times, the government should not"
step1500,4,17,"Write a short neutral news brief about a change people are discussing.

Brief:"," This is an important issue, but not a very well-rounded one. It is well-documented that it is hard to believe when you hear something like this.

The media is still very polarized, and that will change if this is not a part of a broader cultural shift.

This is an important issue, but not a very well-rounded one. It is well-documented that it is hard to believe when you hear something"
step1500,4,18,"Write a short neutral news brief about a change people are discussing.

Brief:","

The American people are being led away from a good debate on the facts and the realities of the American situation because they are not taking a strong stand against the war in Iraq.

On August 2, a day after Bush was sworn in, the House voted to approve a resolution which would have allowed the president to invade Iraq, and would have stopped the war, if necessary. If the House had voted against it, Bush would have been"
step1500,4,19,"Write a short neutral news brief about a change people are discussing.

Brief:"," I don't know if I will ever see that sort of reaction from the public, so I'll just keep my focus on the issues and the problems facing our country.

The rest of the report:

...The House Republicans who want to reduce the military budget, or expand the budget to pay for our military is a huge drain on taxpayers, and a huge tax cut will create an environment where those who want to do these jobs won"
step1500,5,0,"Write a short neutral news brief about a new plan.

Brief:"," I would recommend your staff do a thorough job of getting a response and finding out about it. This will help them understand why the other members of the group are upset, and help you try to get them to help you. The good news is, they will get it because you were there and you will be in a better position to see the things that they are interested in. It is a very good lesson to learn that the media can and should"
step1500,5,1,"Write a short neutral news brief about a new plan.

Brief:"," This time-release report shows the White House has taken the following steps to stop the leaking of information about the Trump administration's plans to overhaul the country's immigration system.

The Trump administration will begin the process of reforming the federal law, known as the immigration system, next year, to give people the opportunity to obtain protection from deportation.

The White House says this time-release report is designed to help inform the public about progress"
step1500,5,2,"Write a short neutral news brief about a new plan.

Brief:","

“The proposed plan, which will allow the National Guard to provide support for the National Guard while its residents live and work, would reduce tensions in the midst of a new COVID-19 pandemic and could have the unintended consequence of limiting the ability for the National Guard to work safely.”

Brief:

“The National Guard would provide support for the National Guard while its residents live and work, which could have the unintended consequence of"
step1500,5,3,"Write a short neutral news brief about a new plan.

Brief:"," The National Security Agency and the Obama administration plan to eliminate nearly all NSA metadata and digital records held by the agency and to use that data to track everyone.

The brief is now online on the NSA's website.

The brief notes that Obama had been told of the NSA's plan by his top staffers, but declined to say whether they have been briefed by the agency.

The NSA is the federal government's private intelligence"
step1500,5,4,"Write a short neutral news brief about a new plan.

Brief:"," What is the plan?

The new plan is based on the premise that the country is at the point of collapse of which the United States must be prepared to shoulder its losses.

The American people would be less likely to support a new plan as a response to the failure of President Barack Obama. That is a threat for which we need to make an effort. The American people would not be on the side of the president.

"
step1500,5,5,"Write a short neutral news brief about a new plan.

Brief:"," We’re not going to wait for the Obama administration to provide a fuller outline of the plan. Instead, we’ll need the Bush administration to provide us with more information. In the meantime, it would be irresponsible to waste our time and energy by waiting for the president to do this.

It also would be irresponsible not to keep the news brief. The press has already given us the news, which is useful for the"
step1500,5,6,"Write a short neutral news brief about a new plan.

Brief:"," New York City must provide free health care to all NYPD officers and officers of other forces. Police must not be forced to pay for it.

New York City must provide free health care to all NYPD officers and officers of other forces. Police must not be forced to pay for it. If it doesn’t, NYC residents will feel the pressure to comply with the law and move elsewhere.

Brief: If NYPD officers"
step1500,5,7,"Write a short neutral news brief about a new plan.

Brief:","

""The United States will not use the military presence in Syria as a justification for military action until it has exhausted all diplomatic, economic and technical options for dealing with extremists who threaten our national security and economy. This means that we must first find ways to reduce the risk of a humanitarian crisis.""

I'm not sure how they would have to decide if a military presence in Syria is a good idea. The argument has to be that"
step1500,5,8,"Write a short neutral news brief about a new plan.

Brief:","

For the past eight years, the City Council has been charged with providing a robust, timely and reliable alternative service in the midst of an unprecedented budget crisis. Our Mayor, City Council and our staff have worked tirelessly to build a strong future in the City.

The report was issued in January with the introduction of a new, public report for the City Council on the effectiveness of the existing system and the overall plan.

The"
step1500,5,9,"Write a short neutral news brief about a new plan.

Brief:"," The new plan calls for a significant increase in funding for the University of Alabama at Huntsville's Medical Center, a $6.8 million increase to the state's emergency room budget, and a more aggressive tax on medical tourism. The state, which spends nearly $4 million a year on the care of wounded or injured veterans, is proposing a cut to that amount, the governor said.

But it is not yet clear how much the"
step1500,5,10,"Write a short neutral news brief about a new plan.

Brief:"," A plan to reduce carbon emissions by 10% by 2050

“This is to say that the climate challenge, from the standpoint of the people and governments who are being asked to be involved, is not a question of having a climate solution but rather of having a plan,” Bayer said.

The group wants to put a cap on emissions — a step beyond a carbon tax — and said the plan is an attempt to address carbon emissions"
step1500,5,11,"Write a short neutral news brief about a new plan.

Brief:","

• The Trump administration plans to extend the program’s authority until 2017.

• In a memo to the Department of Health and Human Services, HHS proposed to extend the program beyond 2015.

• The plan would be subject to HHS’ review in a review of whether the plan is adequate.

• The Trump administration will be notified of the decision by the end of the year."
step1500,5,12,"Write a short neutral news brief about a new plan.

Brief:"," About the Government’s handling of the new plan.

“I’m so disappointed, and we’re disappointed. We will get to the bottom of this one. This is a massive error. I’ve been very, very critical of the way the Government handled things,” Mr. Trump said during a press conference Friday.

Mr. Trump’s comments also highlighted an awkward fact: His government was supposed to have provided more"
step1500,5,13,"Write a short neutral news brief about a new plan.

Brief:"," What a mess it's become. I mean, no one was going to do it that way. But the people who wrote it, or whatever the government is now telling people who have paid it, the people who have said they're not going to do it have made up their minds. And so there's a lot of pressure on us to put it right. I mean, I'm not saying it's wrong or stupid or anything like that."
step1500,5,14,"Write a short neutral news brief about a new plan.

Brief:"," Government plans to put a cap on how much electricity the state's generation will provide for local residents.

Brief: Gov. Jerry Brown has proposed a plan to limit how much electricity the state's generation will provide for local residents.

Brief: California Gov. Gavin Newsom, the president of the California Federation of Republican Party, called on Brown this week to veto a law that would have allowed the state to impose caps on the"
step1500,5,15,"Write a short neutral news brief about a new plan.

Brief:"," U.S. President Donald Trump says the United States should give more than $5 billion to combat the opioid crisis in 2019.

Brief: U.S. President Donald Trump says the United States should give more than $5 billion to combat the opioid crisis in 2019.

Brief: U.S. President Donald Trump says the United States should give more than $5 billion to combat the opioid crisis in 2019."
step1500,5,16,"Write a short neutral news brief about a new plan.

Brief:"," A new government plan to expand power generation.

Story highlights

President Trump has said ""no"" to the new power-plant plan.

But the House Intelligence Committee on Friday found that the federal government doesn't need to make plans to expand power generation to protect it from Chinese meddling.

""In some respects, the new draft power-plant proposal has been a disaster for the White House,"" Rep. Darrell Iss"
step1500,5,17,"Write a short neutral news brief about a new plan.

Brief:"," “I am committed to working with the U.S. to develop our strategic partnership with Canada to create a shared commitment to address the challenges of climate change and to advance our shared commitment to the protection of water and the health of our people and communities.”

The report comes as the new U.S. ambassador to the European Union is in Washington on a trip to the U.K. and the Netherlands, where she will talk about energy"
step1500,5,18,"Write a short neutral news brief about a new plan.

Brief:"," The U.S. wants to stop Iran from developing nuclear weapons.

Summary: If the United States does not follow through on this pledge, the Trump administration will have an open door to Iran that’s a violation of international law."
step1500,5,19,"Write a short neutral news brief about a new plan.

Brief:"," What’s the plan to do?

“The New York Times is a big target because it is the number one source of information for the American people,” said Kalea S. Jaffe, director of the Center for Science and Democracy at Georgetown University. “The Times has an editorial page here that publishes every major news item and every opinion and opinion piece on the web and we feel very strongly that that should be an important"
