samples,hit_rate,hits_per_sample,mean_unique_fraction,mean_max_word_fraction,emotion,label,layer,alpha,base_hit_rate,delta_hit_rate
80,0.2375,0.2625,0.5503489768414958,0.14021360123526933,panicked,base,0,0.0,0.2375,0.0
80,0.3125,0.4,0.5197255075284277,0.13976715481169513,panicked,panicked_l12_a2p0,12,2.0,0.2375,0.07500000000000001
80,0.3125,0.4375,0.492270105220435,0.16846554699899538,panicked,panicked_l12_a3p0,12,3.0,0.2375,0.07500000000000001
80,0.5125,0.7125,0.5391809100664956,0.15597782329332271,panicked,panicked_l12_a4p0,12,4.0,0.2375,0.27499999999999997
80,0.925,2.2875,0.5771541406032097,0.16356290014740732,panicked,panicked_l12_a8p0,12,8.0,0.2375,0.6875
80,0.4375,0.6375,0.49780092130828313,0.1779059174689484,panicked,panicked_l16_a2p0,16,2.0,0.2375,0.2
80,0.575,0.85,0.4915525743316459,0.220644802839989,panicked,panicked_l16_a3p0,16,3.0,0.2375,0.33749999999999997
80,0.725,1.4625,0.5277012687146404,0.20093906480560797,panicked,panicked_l16_a4p0,16,4.0,0.2375,0.4875
80,0.7875,1.5875,0.6203429669992473,0.18682175687492544,panicked,panicked_l16_a8p0,16,8.0,0.2375,0.55
80,0.15,0.175,0.5503489768414958,0.14021360123526933,surprised,base,0,0.0,0.15,0.0
80,0.275,0.3875,0.543965599431372,0.13101237768478038,surprised,surprised_l12_a2p0,12,2.0,0.15,0.12500000000000003
80,0.25,0.325,0.49824749511341604,0.15319821359900065,surprised,surprised_l12_a3p0,12,3.0,0.15,0.1
80,0.4375,0.525,0.5139971794668117,0.16200303891831078,surprised,surprised_l12_a4p0,12,4.0,0.15,0.2875
80,0.75,1.05,0.5608464868108769,0.1416667591428043,surprised,surprised_l12_a8p0,12,8.0,0.15,0.6
80,0.3875,0.4625,0.5334280549090947,0.13500426742983146,surprised,surprised_l16_a2p0,16,2.0,0.15,0.23750000000000002
80,0.3875,0.4625,0.5320784609350774,0.1298234486316283,surprised,surprised_l16_a3p0,16,3.0,0.15,0.23750000000000002
80,0.5,0.7,0.48510506004417786,0.15133963253367705,surprised,surprised_l16_a4p0,16,4.0,0.15,0.35
80,0.7125,1.0875,0.39742233033704544,0.19869274620161112,surprised,surprised_l16_a8p0,16,8.0,0.15,0.5625
80,0.075,0.0875,0.5503489768414958,0.14021360123526933,sympathetic,base,0,0.0,0.075,0.0
80,0.175,0.1875,0.5806721678940261,0.11990494018751205,sympathetic,sympathetic_l12_a2p0,12,2.0,0.075,0.09999999999999999
80,0.2,0.2,0.5717643477081065,0.1385221773873843,sympathetic,sympathetic_l12_a3p0,12,3.0,0.075,0.125
80,0.3,0.3625,0.6036746164652526,0.11723929489569573,sympathetic,sympathetic_l12_a4p0,12,4.0,0.075,0.22499999999999998
80,0.4125,0.525,0.6498172406060192,0.1033918377184683,sympathetic,sympathetic_l12_a8p0,12,8.0,0.075,0.33749999999999997
80,0.35,0.3625,0.610190919434016,0.12417914637577723,sympathetic,sympathetic_l16_a2p0,16,2.0,0.075,0.27499999999999997
80,0.4,0.4125,0.63426573974634,0.0993763533171195,sympathetic,sympathetic_l16_a3p0,16,3.0,0.075,0.325
80,0.35,0.45,0.624180242686374,0.11242847352289254,sympathetic,sympathetic_l16_a4p0,16,4.0,0.075,0.27499999999999997
80,0.4875,0.675,0.5031723394174136,0.22427008823956904,sympathetic,sympathetic_l16_a8p0,16,8.0,0.075,0.4125
80,0.175,0.225,0.5503489768414958,0.14021360123526933,stubborn,base,0,0.0,0.175,0.0
80,0.3125,0.425,0.5280842916812525,0.14041033825258137,stubborn,stubborn_l12_a2p0,12,2.0,0.175,0.1375
80,0.3125,0.375,0.4907362751378403,0.1434649304800789,stubborn,stubborn_l12_a3p0,12,3.0,0.175,0.1375
80,0.375,0.475,0.521167446848172,0.14462584100190173,stubborn,stubborn_l12_a4p0,12,4.0,0.175,0.2
80,0.65,1.0375,0.537034365449837,0.14090297324638015,stubborn,stubborn_l12_a8p0,12,8.0,0.175,0.47500000000000003
80,0.2875,0.4875,0.5118407848494393,0.15591385515582773,stubborn,stubborn_l16_a2p0,16,2.0,0.175,0.11249999999999999
80,0.45,0.725,0.5724699630460113,0.13457497508600347,stubborn,stubborn_l16_a3p0,16,3.0,0.175,0.275
80,0.675,1.1875,0.6021100650767374,0.10610713772181768,stubborn,stubborn_l16_a4p0,16,4.0,0.175,0.5
80,0.6875,1.2625,0.521513475960914,0.14653328027305343,stubborn,stubborn_l16_a8p0,16,8.0,0.175,0.5125
80,0.075,0.075,0.5503489768414958,0.14021360123526933,safe,base,0,0.0,0.075,0.0
80,0.3875,0.6,0.5787939093906691,0.13291301819628432,safe,safe_l12_a2p0,12,2.0,0.075,0.3125
80,0.675,1.575,0.6388595382293427,0.12776629318573346,safe,safe_l12_a3p0,12,3.0,0.075,0.6000000000000001
80,0.8125,2.5625,0.6733775183718774,0.12928447841016555,safe,safe_l12_a4p0,12,4.0,0.075,0.7375
80,0.9625,3.6625,0.6498232595006143,0.14868964313384708,safe,safe_l12_a8p0,12,8.0,0.075,0.8875000000000001
80,0.3875,0.75,0.6162465871261658,0.1295853263348188,safe,safe_l16_a2p0,16,2.0,0.075,0.3125
80,0.8,2.475,0.6375904649856143,0.13805779305596128,safe,safe_l16_a3p0,16,3.0,0.075,0.7250000000000001
80,0.9375,4.8,0.6281977881893741,0.15416398891287425,safe,safe_l16_a4p0,16,4.0,0.075,0.8625
80,1.0,7.225,0.5444195683395643,0.20491279705861015,safe,safe_l16_a8p0,16,8.0,0.075,0.925
80,0.125,0.15,0.5503489768414958,0.14021360123526933,perplexed,base,0,0.0,0.125,0.0
80,0.125,0.15,0.4981912483027903,0.1661858663740604,perplexed,perplexed_l12_a2p0,12,2.0,0.125,0.0
80,0.2125,0.25,0.5605427819038135,0.13703233267865428,perplexed,perplexed_l12_a3p0,12,3.0,0.125,0.0875
80,0.2875,0.325,0.533835750933567,0.15502690747795705,perplexed,perplexed_l12_a4p0,12,4.0,0.125,0.16249999999999998
80,0.425,0.4875,0.5418318181354234,0.13790130327450684,perplexed,perplexed_l12_a8p0,12,8.0,0.125,0.3
80,0.175,0.2,0.5274198224676426,0.13349302053784481,perplexed,perplexed_l16_a2p0,16,2.0,0.125,0.04999999999999999
80,0.25,0.3125,0.5434256947393461,0.13931446473722192,perplexed,perplexed_l16_a3p0,16,3.0,0.125,0.125
80,0.325,0.4125,0.5376370707059824,0.14318966835560065,perplexed,perplexed_l16_a4p0,16,4.0,0.125,0.2
80,0.525,0.7625,0.49135490393289577,0.19527504909949775,perplexed,perplexed_l16_a8p0,16,8.0,0.125,0.4
